-- База данных: `imdb`
CREATE DATABASE IF NOT EXISTS IMDB
  CHARACTER SET utf8
  COLLATE utf8_general_ci;

USE IMDB;

-- --------------------------------------------------------

--
-- Структура таблицы `director`
--

DROP TABLE IF EXISTS `director`;
CREATE TABLE IF NOT EXISTS `director` (
  `id` int(11) NOT NULL AUTO_INCREMENT,
  `name` varchar(128) CHARACTER SET utf8 COLLATE utf8_general_ci NOT NULL,
  PRIMARY KEY (`id`)
) ENGINE=MyISAM AUTO_INCREMENT=155 DEFAULT CHARSET=utf8;

--
-- Дамп данных таблицы `director`
--

INSERT INTO `director` (`id`, `name`) VALUES
(1, 'Frank Darabont'),
(2, 'Francis Ford Coppola'),
(3, 'Christopher Nolan'),
(4, 'Peter Jackson'),
(5, 'Quentin Tarantino'),
(6, 'Steven Spielberg'),
(7, 'Sidney Lumet'),
(8, 'David Fincher'),
(9, 'Robert Zemeckis'),
(10, 'Sergio Leone'),
(11, 'Lana Wachowski'),
(12, 'Martin Scorsese'),
(13, 'Irvin Kershner'),
(14, 'Milos Forman'),
(15, 'Hrishikesh Mukherjee'),
(16, 'Masaki Kobayashi'),
(17, 'Bong Joon Ho'),
(18, 'Fernando Meirelles'),
(19, 'Hayao Miyazaki'),
(20, 'Roberto Benigni'),
(21, 'Jonathan Demme'),
(22, 'George Lucas'),
(23, 'Akira Kurosawa'),
(24, 'Frank Capra'),
(25, 'Todd Phillips'),
(26, 'Anthony Russo'),
(27, 'Damien Chazelle'),
(28, 'Olivier Nakache'),
(29, 'Roman Polanski'),
(30, 'Ridley Scott'),
(31, 'Tony Kaye'),
(32, 'Bryan Singer'),
(33, 'Luc Besson'),
(34, 'Roger Allers'),
(35, 'James Cameron'),
(36, 'Giuseppe Tornatore'),
(37, 'Isao Takahata'),
(38, 'Alfred Hitchcock'),
(39, 'Michael Curtiz'),
(40, 'Charles Chaplin'),
(41, 'Nadine Labaki'),
(42, 'Makoto Shinkai'),
(43, 'Nitesh Tiwari'),
(44, 'Bob Persichetti'),
(45, 'Lee Unkrich'),
(46, 'Rajkumar Hirani'),
(47, 'Aamir Khan'),
(48, 'Andrew Stanton'),
(49, 'Florian Henckel von Donnersmarck'),
(50, 'Chan-wook Park'),
(51, 'Stanley Kubrick'),
(52, 'Billy Wilder'),
(53, 'Sam Mendes'),
(54, 'Sriram Raghavan'),
(55, 'Thomas Vinterberg'),
(56, 'Asghar Farhadi'),
(57, 'Denis Villeneuve'),
(58, 'Çagan Irmak'),
(59, 'Michel Gondry'),
(60, 'Jean-Pierre Jeunet'),
(61, 'Guy Ritchie'),
(62, 'Darren Aronofsky'),
(63, 'Gus Van Sant'),
(64, 'Majid Majidi'),
(65, 'Yavuz Turgul'),
(66, 'John Lasseter'),
(67, 'Mel Gibson'),
(68, 'Elem Klimov'),
(69, 'Brian De Palma'),
(70, 'Richard Marquand'),
(71, 'Wolfgang Petersen'),
(72, 'George Roy Hill'),
(73, 'David Lean'),
(74, 'Stanley Donen'),
(75, 'Vittorio De Sica'),
(76, 'Orson Welles'),
(77, 'Fritz Lang'),
(78, 'Céline Sciamma'),
(79, 'Peter Farrelly'),
(80, 'Martin McDonagh'),
(81, 'Sergio Pablos'),
(82, 'Nishikant Kamat'),
(83, 'Nuri Bilge Ceylan'),
(84, 'Anurag Kashyap'),
(85, 'Juan José Campanella'),
(86, 'Gavin O`Connor'),
(87, 'Pete Docter'),
(88, 'Paul Thomas Anderson'),
(89, 'Guillermo del Toro'),
(90, 'James McTeigue'),
(91, 'Rakeysh Omprakash Mehra'),
(92, 'Oliver Hirschbiegel'),
(93, 'Ron Howard'),
(94, 'Curtis Hanson'),
(95, 'Michael Mann'),
(96, 'Clint Eastwood'),
(97, 'John McTiernan'),
(98, 'Andrei Tarkovsky'),
(99, 'Terry Gilliam'),
(100, 'John Sturges'),
(101, 'Robert Mulligan'),
(102, 'Stanley Kramer'),
(103, 'Ingmar Bergman'),
(104, 'Yasujirô Ozu'),
(105, 'Joseph L. Mankiewicz'),
(106, 'John Huston'),
(107, 'Ernst Lubitsch'),
(108, 'Buster Keaton'),
(109, 'Oriol Paulo'),
(110, 'James Mangold'),
(111, 'Lenny Abrahamson'),
(112, 'Damián Szifron'),
(113, 'Wes Anderson'),
(114, 'Steve McQueen'),
(115, 'Tom McCarthy'),
(116, 'Tate Taylor'),
(117, 'George Miller'),
(118, 'David Yates'),
(119, 'Lasse Hallström'),
(120, 'Adam Elliot'),
(121, 'Dean DeBlois'),
(122, 'Sean Penn'),
(123, 'Ethan Coen'),
(124, 'Terry George'),
(125, 'Alejandro G. Iñárritu'),
(126, 'Ashutosh Gowariker'),
(127, 'M. Night Shyamalan'),
(128, 'Peter Weir'),
(129, 'Joel Coen'),
(130, 'Kar-Wai Wong'),
(131, 'Danny Boyle'),
(132, 'Mathieu Kassovitz'),
(133, 'Richard Linklater'),
(134, 'Krzysztof Kieslowski'),
(135, 'Jim Sheridan'),
(136, 'Rob Reiner'),
(137, 'Oliver Stone'),
(138, 'Wim Wenders'),
(139, 'John Carpenter'),
(140, 'David Lynch'),
(141, 'Terry Jones'),
(142, 'Michael Cimino'),
(143, 'John G. Avildsen'),
(144, 'Stuart Rosenberg'),
(145, 'François Truffaut'),
(146, 'William Wyler'),
(147, 'Elia Kazan'),
(148, 'Henri-Georges Clouzot'),
(149, 'Carol Reed'),
(150, 'Victor Fleming'),
(151, 'Carl Theodor Dreyer'),
(152, 'Clyde Bruckman'),
(153, 'Ron Clements'),
(154, 'Katsuhiro Ôtomo');

-- --------------------------------------------------------

--
-- Структура таблицы `director_in_movie`
--

DROP TABLE IF EXISTS `director_in_movie`;
CREATE TABLE IF NOT EXISTS `director_in_movie` (
  `id` int(11) NOT NULL AUTO_INCREMENT,
  `director` int(11) NOT NULL,
  `movie` int(11) NOT NULL,
  PRIMARY KEY (`id`)
) ENGINE=MyISAM AUTO_INCREMENT=251 DEFAULT CHARSET=utf8;

--
-- Дамп данных таблицы `director_in_movie`
--

INSERT INTO `director_in_movie` (`id`, `director`, `movie`) VALUES
(1, 1, 1),
(2, 2, 2),
(3, 3, 3),
(4, 2, 4),
(5, 4, 5),
(6, 5, 6),
(7, 6, 7),
(8, 7, 8),
(9, 3, 9),
(10, 8, 10),
(11, 4, 11),
(12, 9, 12),
(13, 10, 13),
(14, 4, 14),
(15, 11, 15),
(16, 12, 16),
(17, 13, 17),
(18, 14, 18),
(19, 15, 19),
(20, 16, 20),
(21, 17, 21),
(22, 3, 22),
(23, 18, 23),
(24, 19, 24),
(25, 6, 25),
(26, 1, 26),
(27, 20, 27),
(28, 8, 28),
(29, 21, 29),
(30, 22, 30),
(31, 23, 31),
(32, 24, 32),
(33, 25, 33),
(34, 26, 34),
(35, 27, 35),
(36, 28, 36),
(37, 3, 37),
(38, 12, 38),
(39, 29, 39),
(40, 30, 40),
(41, 31, 41),
(42, 32, 42),
(43, 33, 43),
(44, 34, 44),
(45, 35, 45),
(46, 36, 46),
(47, 37, 47),
(48, 9, 48),
(49, 10, 49),
(50, 23, 50),
(51, 38, 51),
(52, 39, 52),
(53, 40, 53),
(54, 40, 54),
(55, 41, 55),
(56, 42, 56),
(57, 43, 57),
(58, 44, 58),
(59, 26, 59),
(60, 45, 60),
(61, 5, 61),
(62, 3, 62),
(63, 46, 63),
(64, 47, 64),
(65, 48, 65),
(66, 49, 66),
(67, 50, 67),
(68, 3, 68),
(69, 19, 69),
(70, 10, 70),
(71, 6, 71),
(72, 51, 72),
(73, 2, 73),
(74, 30, 74),
(75, 51, 75),
(76, 52, 76),
(77, 51, 77),
(78, 38, 78),
(79, 52, 79),
(80, 40, 80),
(81, 53, 81),
(82, 54, 82),
(83, 55, 83),
(84, 56, 84),
(85, 57, 85),
(86, 58, 86),
(87, 45, 87),
(88, 5, 88),
(89, 59, 89),
(90, 60, 90),
(91, 61, 91),
(92, 62, 92),
(93, 53, 93),
(94, 63, 94),
(95, 64, 95),
(96, 65, 96),
(97, 66, 97),
(98, 67, 98),
(99, 5, 99),
(100, 51, 100),
(101, 68, 101),
(102, 35, 102),
(103, 14, 103),
(104, 69, 104),
(105, 70, 105),
(106, 71, 106),
(107, 12, 107),
(108, 72, 108),
(109, 51, 109),
(110, 51, 110),
(111, 10, 111),
(112, 73, 112),
(113, 52, 113),
(114, 38, 114),
(115, 38, 115),
(116, 74, 116),
(117, 23, 117),
(118, 75, 118),
(119, 52, 119),
(120, 76, 120),
(121, 77, 121),
(122, 77, 122),
(123, 40, 123),
(124, 78, 124),
(125, 79, 125),
(126, 80, 126),
(127, 81, 127),
(128, 82, 128),
(129, 83, 129),
(130, 84, 130),
(131, 85, 131),
(132, 86, 132),
(133, 87, 133),
(134, 12, 134),
(135, 88, 135),
(136, 89, 136),
(137, 90, 137),
(138, 91, 138),
(139, 3, 139),
(140, 92, 140),
(141, 19, 141),
(142, 93, 142),
(143, 61, 143),
(144, 94, 144),
(145, 95, 145),
(146, 12, 146),
(147, 96, 147),
(148, 6, 148),
(149, 19, 149),
(150, 97, 150),
(151, 23, 151),
(152, 12, 152),
(153, 98, 153),
(154, 99, 154),
(155, 29, 155),
(156, 98, 156),
(157, 100, 157),
(158, 101, 158),
(159, 23, 159),
(160, 102, 160),
(161, 52, 161),
(162, 103, 162),
(163, 103, 163),
(164, 38, 164),
(165, 104, 165),
(166, 23, 166),
(167, 105, 167),
(168, 106, 168),
(169, 107, 169),
(170, 40, 170),
(171, 108, 171),
(172, 109, 172),
(173, 50, 173),
(174, 110, 174),
(175, 111, 175),
(176, 112, 176),
(177, 46, 177),
(178, 113, 178),
(179, 8, 179),
(180, 67, 180),
(181, 87, 181),
(182, 114, 182),
(183, 93, 183),
(184, 110, 184),
(185, 115, 185),
(186, 116, 186),
(187, 57, 187),
(188, 117, 188),
(189, 96, 189),
(190, 118, 190),
(191, 12, 191),
(192, 119, 192),
(193, 120, 193),
(194, 121, 194),
(195, 122, 195),
(196, 123, 196),
(197, 96, 197),
(198, 124, 198),
(199, 17, 199),
(200, 5, 200),
(201, 48, 201),
(202, 6, 202),
(203, 125, 203),
(204, 126, 204),
(205, 127, 205),
(206, 128, 206),
(207, 129, 207),
(208, 130, 208),
(209, 131, 209),
(210, 129, 210),
(211, 132, 211),
(212, 133, 212),
(213, 134, 213),
(214, 6, 214),
(215, 135, 215),
(216, 128, 216),
(217, 136, 217),
(218, 136, 218),
(219, 137, 219),
(220, 138, 220),
(221, 19, 221),
(222, 139, 222),
(223, 30, 223),
(224, 140, 224),
(225, 141, 225),
(226, 142, 226),
(227, 143, 227),
(228, 7, 228),
(229, 51, 229),
(230, 144, 230),
(231, 103, 231),
(232, 145, 232),
(233, 146, 233),
(234, 73, 234),
(235, 147, 235),
(236, 148, 236),
(237, 52, 237),
(238, 149, 238),
(239, 38, 239),
(240, 24, 240),
(241, 150, 241),
(242, 24, 242),
(243, 151, 243),
(244, 152, 244),
(245, 133, 245),
(246, 87, 246),
(247, 153, 247),
(248, 154, 248),
(249, 35, 249),
(250, 72, 250);

-- --------------------------------------------------------

--
-- Структура таблицы `genres`
--

DROP TABLE IF EXISTS `genres`;
CREATE TABLE IF NOT EXISTS `genres` (
  `id` int(11) NOT NULL AUTO_INCREMENT,
  `name` varchar(128) CHARACTER SET utf8 COLLATE utf8_general_ci NOT NULL,
  PRIMARY KEY (`id`)
) ENGINE=MyISAM AUTO_INCREMENT=22 DEFAULT CHARSET=utf8;

--
-- Дамп данных таблицы `genres`
--

INSERT INTO `genres` (`id`, `name`) VALUES
(1, 'Drama'),
(2, 'Crime'),
(3, 'Action'),
(4, 'Adventure'),
(5, 'Fantasy'),
(6, 'Biography'),
(7, 'History'),
(8, 'Sci-Fi'),
(9, 'Romance'),
(10, 'Western'),
(11, 'Musical'),
(12, 'Comedy'),
(13, 'Thriller'),
(14, 'Animation'),
(15, 'Family'),
(16, 'War'),
(17, 'Mystery'),
(18, 'Music'),
(19, 'Horror'),
(20, 'Film-Noir'),
(21, 'Sport');

-- --------------------------------------------------------

--
-- Структура таблицы `genres_in_movie`
--

DROP TABLE IF EXISTS `genres_in_movie`;
CREATE TABLE IF NOT EXISTS `genres_in_movie` (
  `id` int(11) NOT NULL AUTO_INCREMENT,
  `movie` int(11) NOT NULL,
  `genre` int(11) NOT NULL,
  PRIMARY KEY (`id`)
) ENGINE=MyISAM AUTO_INCREMENT=623 DEFAULT CHARSET=utf8;

--
-- Дамп данных таблицы `genres_in_movie`
--

INSERT INTO `genres_in_movie` (`id`, `movie`, `genre`) VALUES
(1, 1, 1),
(2, 2, 2),
(3, 2, 1),
(4, 3, 3),
(5, 3, 2),
(6, 3, 1),
(7, 4, 2),
(8, 4, 1),
(9, 5, 4),
(10, 5, 1),
(11, 5, 5),
(12, 6, 2),
(13, 6, 1),
(14, 7, 6),
(15, 7, 1),
(16, 7, 7),
(17, 8, 2),
(18, 8, 1),
(19, 9, 3),
(20, 9, 4),
(21, 9, 8),
(22, 10, 1),
(23, 11, 3),
(24, 11, 4),
(25, 11, 1),
(26, 12, 1),
(27, 12, 9),
(28, 13, 10),
(29, 14, 4),
(30, 14, 1),
(31, 14, 5),
(32, 15, 3),
(33, 15, 8),
(34, 16, 6),
(35, 16, 2),
(36, 16, 1),
(37, 17, 3),
(38, 17, 4),
(39, 17, 5),
(40, 18, 1),
(41, 19, 1),
(42, 19, 11),
(43, 20, 3),
(44, 20, 1),
(45, 20, 7),
(46, 21, 12),
(47, 21, 1),
(48, 21, 13),
(49, 22, 4),
(50, 22, 1),
(51, 22, 8),
(52, 23, 2),
(53, 23, 1),
(54, 24, 14),
(55, 24, 4),
(56, 24, 15),
(57, 25, 1),
(58, 25, 16),
(59, 26, 2),
(60, 26, 1),
(61, 26, 5),
(62, 27, 12),
(63, 27, 1),
(64, 27, 9),
(65, 28, 2),
(66, 28, 1),
(67, 28, 17),
(68, 29, 2),
(69, 29, 1),
(70, 29, 13),
(71, 30, 3),
(72, 30, 4),
(73, 30, 5),
(74, 31, 3),
(75, 31, 4),
(76, 31, 1),
(77, 32, 1),
(78, 32, 15),
(79, 32, 5),
(80, 33, 2),
(81, 33, 1),
(82, 33, 13),
(83, 34, 3),
(84, 34, 4),
(85, 34, 8),
(86, 35, 1),
(87, 35, 18),
(88, 36, 6),
(89, 36, 12),
(90, 36, 1),
(91, 37, 1),
(92, 37, 17),
(93, 37, 8),
(94, 38, 2),
(95, 38, 1),
(96, 38, 13),
(97, 39, 6),
(98, 39, 1),
(99, 39, 18),
(100, 40, 3),
(101, 40, 4),
(102, 40, 1),
(103, 41, 1),
(104, 42, 2),
(105, 42, 17),
(106, 42, 13),
(107, 43, 3),
(108, 43, 2),
(109, 43, 1),
(110, 44, 14),
(111, 44, 4),
(112, 44, 1),
(113, 45, 3),
(114, 45, 8),
(115, 46, 1),
(116, 47, 14),
(117, 47, 1),
(118, 47, 16),
(119, 48, 4),
(120, 48, 12),
(121, 48, 8),
(122, 49, 10),
(123, 50, 2),
(124, 50, 1),
(125, 50, 17),
(126, 51, 19),
(127, 51, 17),
(128, 51, 13),
(129, 52, 1),
(130, 52, 9),
(131, 52, 16),
(132, 53, 12),
(133, 53, 1),
(134, 53, 15),
(135, 54, 12),
(136, 54, 1),
(137, 54, 9),
(138, 55, 1),
(139, 56, 14),
(140, 56, 1),
(141, 56, 5),
(142, 57, 3),
(143, 57, 6),
(144, 57, 1),
(145, 58, 14),
(146, 58, 3),
(147, 58, 4),
(148, 59, 3),
(149, 59, 4),
(150, 59, 1),
(151, 60, 14),
(152, 60, 4),
(153, 60, 15),
(154, 61, 1),
(155, 61, 10),
(156, 62, 3),
(157, 62, 4),
(158, 63, 12),
(159, 63, 1),
(160, 64, 1),
(161, 64, 15),
(162, 65, 14),
(163, 65, 4),
(164, 65, 15),
(165, 66, 1),
(166, 66, 17),
(167, 66, 13),
(168, 67, 3),
(169, 67, 1),
(170, 67, 17),
(171, 68, 17),
(172, 68, 13),
(173, 69, 14),
(174, 69, 4),
(175, 69, 5),
(176, 70, 2),
(177, 70, 1),
(178, 71, 3),
(179, 71, 4),
(180, 72, 1),
(181, 72, 19),
(182, 73, 1),
(183, 73, 17),
(184, 73, 16),
(185, 74, 19),
(186, 74, 8),
(187, 75, 12),
(188, 76, 2),
(189, 76, 1),
(190, 76, 17),
(191, 77, 1),
(192, 77, 16),
(193, 78, 17),
(194, 78, 13),
(195, 79, 1),
(196, 79, 20),
(197, 80, 12),
(198, 80, 1),
(199, 80, 16),
(200, 81, 1),
(201, 81, 16),
(202, 82, 2),
(203, 82, 13),
(204, 83, 1),
(205, 84, 1),
(206, 85, 1),
(207, 85, 17),
(208, 85, 16),
(209, 86, 1),
(210, 86, 15),
(211, 87, 14),
(212, 87, 4),
(213, 87, 12),
(214, 88, 4),
(215, 88, 1),
(216, 88, 16),
(217, 89, 1),
(218, 89, 9),
(219, 89, 8),
(220, 90, 12),
(221, 90, 9),
(222, 91, 12),
(223, 91, 2),
(224, 92, 1),
(225, 93, 1),
(226, 94, 1),
(227, 94, 9),
(228, 95, 1),
(229, 95, 15),
(230, 95, 21),
(231, 96, 2),
(232, 96, 1),
(233, 96, 13),
(234, 97, 14),
(235, 97, 4),
(236, 97, 12),
(237, 98, 6),
(238, 98, 1),
(239, 98, 7),
(240, 99, 2),
(241, 99, 1),
(242, 99, 13),
(243, 100, 1),
(244, 100, 16),
(245, 101, 1),
(246, 101, 16),
(247, 102, 3),
(248, 102, 4),
(249, 102, 8),
(250, 103, 6),
(251, 103, 1),
(252, 103, 7),
(253, 104, 2),
(254, 104, 1),
(255, 105, 3),
(256, 105, 4),
(257, 105, 5),
(258, 106, 4),
(259, 106, 1),
(260, 106, 13),
(261, 107, 2),
(262, 107, 1),
(263, 108, 12),
(264, 108, 2),
(265, 108, 1),
(266, 109, 2),
(267, 109, 1),
(268, 109, 8),
(269, 110, 4),
(270, 110, 8),
(271, 111, 10),
(272, 112, 4),
(273, 112, 6),
(274, 112, 1),
(275, 113, 12),
(276, 113, 1),
(277, 113, 9),
(278, 114, 4),
(279, 114, 17),
(280, 114, 13),
(281, 115, 17),
(282, 115, 9),
(283, 115, 13),
(284, 116, 12),
(285, 116, 11),
(286, 116, 9),
(287, 117, 1),
(288, 118, 1),
(289, 119, 2),
(290, 119, 1),
(291, 119, 20),
(292, 120, 1),
(293, 120, 17),
(294, 121, 2),
(295, 121, 17),
(296, 121, 13),
(297, 122, 1),
(298, 122, 8),
(299, 123, 12),
(300, 123, 1),
(301, 123, 15),
(302, 124, 1),
(303, 124, 9),
(304, 125, 6),
(305, 125, 12),
(306, 125, 1),
(307, 126, 12),
(308, 126, 2),
(309, 126, 1),
(310, 127, 14),
(311, 127, 4),
(312, 127, 12),
(313, 128, 2),
(314, 128, 1),
(315, 128, 17),
(316, 129, 1),
(317, 130, 3),
(318, 130, 2),
(319, 130, 1),
(320, 131, 1),
(321, 131, 17),
(322, 131, 9),
(323, 132, 1),
(324, 132, 21),
(325, 133, 14),
(326, 133, 4),
(327, 133, 12),
(328, 134, 6),
(329, 134, 2),
(330, 134, 1),
(331, 135, 1),
(332, 136, 1),
(333, 136, 5),
(334, 136, 16),
(335, 137, 3),
(336, 137, 1),
(337, 137, 8),
(338, 138, 12),
(339, 138, 1),
(340, 139, 3),
(341, 139, 4),
(342, 140, 6),
(343, 140, 1),
(344, 140, 7),
(345, 141, 14),
(346, 141, 4),
(347, 141, 15),
(348, 142, 6),
(349, 142, 1),
(350, 143, 12),
(351, 143, 2),
(352, 144, 2),
(353, 144, 1),
(354, 144, 17),
(355, 145, 2),
(356, 145, 1),
(357, 145, 13),
(358, 146, 2),
(359, 146, 1),
(360, 147, 1),
(361, 147, 10),
(362, 148, 3),
(363, 148, 4),
(364, 149, 14),
(365, 149, 15),
(366, 149, 5),
(367, 150, 3),
(368, 150, 13),
(369, 151, 3),
(370, 151, 1),
(371, 151, 16),
(372, 152, 6),
(373, 152, 1),
(374, 152, 21),
(375, 153, 1),
(376, 153, 8),
(377, 154, 4),
(378, 154, 12),
(379, 154, 5),
(380, 155, 1),
(381, 155, 17),
(382, 155, 13),
(383, 156, 6),
(384, 156, 1),
(385, 156, 7),
(386, 157, 4),
(387, 157, 1),
(388, 157, 7),
(389, 158, 2),
(390, 158, 1),
(391, 159, 3),
(392, 159, 1),
(393, 159, 13),
(394, 160, 1),
(395, 160, 16),
(396, 161, 12),
(397, 161, 18),
(398, 161, 9),
(399, 162, 1),
(400, 162, 9),
(401, 163, 1),
(402, 163, 5),
(403, 164, 2),
(404, 164, 13),
(405, 165, 1),
(406, 166, 2),
(407, 166, 1),
(408, 166, 17),
(409, 167, 1),
(410, 168, 4),
(411, 168, 1),
(412, 168, 10),
(413, 169, 12),
(414, 169, 16),
(415, 170, 4),
(416, 170, 12),
(417, 170, 1),
(418, 171, 3),
(419, 171, 12),
(420, 171, 9),
(421, 172, 2),
(422, 172, 17),
(423, 172, 13),
(424, 173, 1),
(425, 173, 9),
(426, 173, 13),
(427, 174, 3),
(428, 174, 1),
(429, 174, 8),
(430, 175, 1),
(431, 175, 13),
(432, 176, 12),
(433, 176, 1),
(434, 176, 13),
(435, 177, 12),
(436, 177, 1),
(437, 177, 5),
(438, 178, 4),
(439, 178, 12),
(440, 178, 2),
(441, 179, 1),
(442, 179, 17),
(443, 179, 13),
(444, 180, 6),
(445, 180, 1),
(446, 180, 7),
(447, 181, 14),
(448, 181, 4),
(449, 181, 12),
(450, 182, 6),
(451, 182, 1),
(452, 182, 7),
(453, 183, 6),
(454, 183, 1),
(455, 183, 21),
(456, 184, 3),
(457, 184, 6),
(458, 184, 1),
(459, 185, 6),
(460, 185, 2),
(461, 185, 1),
(462, 186, 1),
(463, 187, 2),
(464, 187, 1),
(465, 187, 17),
(466, 188, 3),
(467, 188, 4),
(468, 188, 8),
(469, 189, 1),
(470, 190, 4),
(471, 190, 1),
(472, 190, 5),
(473, 191, 17),
(474, 191, 13),
(475, 192, 1),
(476, 192, 15),
(477, 193, 14),
(478, 193, 12),
(479, 193, 1),
(480, 194, 14),
(481, 194, 3),
(482, 194, 4),
(483, 195, 4),
(484, 195, 6),
(485, 195, 1),
(486, 196, 2),
(487, 196, 1),
(488, 196, 13),
(489, 197, 1),
(490, 197, 21),
(491, 198, 6),
(492, 198, 1),
(493, 198, 7),
(494, 199, 3),
(495, 199, 2),
(496, 199, 1),
(497, 200, 3),
(498, 200, 2),
(499, 200, 13),
(500, 201, 14),
(501, 201, 4),
(502, 201, 12),
(503, 202, 6),
(504, 202, 2),
(505, 202, 1),
(506, 203, 1),
(507, 203, 13),
(508, 204, 4),
(509, 204, 1),
(510, 204, 11),
(511, 205, 1),
(512, 205, 17),
(513, 205, 13),
(514, 206, 12),
(515, 206, 1),
(516, 206, 8),
(517, 207, 12),
(518, 207, 2),
(519, 207, 21),
(520, 208, 1),
(521, 208, 9),
(522, 209, 1),
(523, 210, 2),
(524, 210, 1),
(525, 210, 13),
(526, 211, 2),
(527, 211, 1),
(528, 212, 1),
(529, 212, 9),
(530, 213, 1),
(531, 213, 17),
(532, 213, 9),
(533, 214, 3),
(534, 214, 4),
(535, 214, 8),
(536, 215, 6),
(537, 215, 1),
(538, 216, 12),
(539, 216, 1),
(540, 217, 4),
(541, 217, 15),
(542, 217, 5),
(543, 218, 4),
(544, 218, 1),
(545, 219, 1),
(546, 219, 16),
(547, 220, 1),
(548, 221, 14),
(549, 221, 4),
(550, 221, 5),
(551, 222, 19),
(552, 222, 17),
(553, 222, 8),
(554, 223, 3),
(555, 223, 8),
(556, 223, 13),
(557, 224, 6),
(558, 224, 1),
(559, 225, 12),
(560, 226, 1),
(561, 226, 16),
(562, 227, 1),
(563, 227, 21),
(564, 228, 1),
(565, 229, 4),
(566, 229, 1),
(567, 229, 7),
(568, 230, 2),
(569, 230, 1),
(570, 231, 1),
(571, 231, 13),
(572, 232, 2),
(573, 232, 1),
(574, 233, 4),
(575, 233, 1),
(576, 233, 7),
(577, 234, 4),
(578, 234, 1),
(579, 234, 16),
(580, 235, 2),
(581, 235, 1),
(582, 235, 13),
(583, 236, 4),
(584, 236, 1),
(585, 236, 13),
(586, 237, 1),
(587, 237, 20),
(588, 238, 20),
(589, 238, 17),
(590, 238, 13),
(591, 239, 1),
(592, 239, 17),
(593, 239, 9),
(594, 240, 12),
(595, 240, 1),
(596, 241, 1),
(597, 241, 7),
(598, 241, 9),
(599, 242, 12),
(600, 242, 9),
(601, 243, 6),
(602, 243, 1),
(603, 243, 7),
(604, 244, 3),
(605, 244, 4),
(606, 244, 12),
(607, 245, 1),
(608, 245, 9),
(609, 246, 14),
(610, 246, 4),
(611, 246, 12),
(612, 247, 14),
(613, 247, 4),
(614, 247, 12),
(615, 248, 14),
(616, 248, 1),
(617, 248, 8),
(618, 249, 3),
(619, 249, 8),
(620, 250, 6),
(621, 250, 2),
(622, 250, 1);

-- --------------------------------------------------------

--
-- Структура таблицы `movies`
--

DROP TABLE IF EXISTS `movies`;
CREATE TABLE IF NOT EXISTS `movies` (
  `id` int(11) NOT NULL AUTO_INCREMENT,
  `name` varchar(128) CHARACTER SET utf8 COLLATE utf8_general_ci NOT NULL,
  `rating` float NOT NULL,
  `metascore` int(11) NOT NULL,
  `year` int(11) NOT NULL,
  `runtime` int(11) NOT NULL,
  PRIMARY KEY (`id`)
) ENGINE=MyISAM AUTO_INCREMENT=251 DEFAULT CHARSET=utf8;

--
-- Дамп данных таблицы `movies`
--

INSERT INTO `movies` (`id`, `name`, `rating`, `metascore`, `year`, `runtime`) VALUES
(1, 'Втеча з Шоушенка', 9.3, 80, 1994, 142),
(2, 'Хрещений батько', 9.2, 100, 1972, 175),
(3, 'Темний лицар', 9, 84, 2008, 152),
(4, 'Хрещений батько 2', 9, 90, 1974, 202),
(5, 'Володар перснів: Повернення короля', 8.9, 94, 2003, 201),
(6, 'Кримінальне чтиво', 8.9, 94, 1994, 154),
(7, 'Список Шиндлера', 8.9, 94, 1993, 195),
(8, '12 розгніваних чоловіків', 8.9, 96, 1957, 96),
(9, 'Початок', 8.8, 74, 2010, 148),
(10, 'Бійцівський клуб', 8.8, 66, 1999, 139),
(11, 'Володар перснів: Хранителі персня', 8.8, 92, 2001, 178),
(12, 'Форрест Ґамп', 8.8, 82, 1994, 142),
(13, 'Хороший, поганий, злий', 8.8, 90, 1966, 161),
(14, 'Володар перснів: Дві вежі', 8.7, 87, 2002, 179),
(15, 'Матриця', 8.7, 73, 1999, 136),
(16, 'Славні хлопці', 8.7, 90, 1990, 146),
(17, 'Зоряні війни: Епізод 5 - Імперія завдає удару у відповідь', 8.7, 82, 1980, 124),
(18, 'Пролітаючи над гніздом зозулі', 8.7, 83, 1975, 133),
(19, 'Anand', 8.7, 0, 1971, 122),
(20, 'Харакірі', 8.7, 85, 1962, 133),
(21, 'Паразити', 8.6, 96, 2019, 132),
(22, 'Інтерстеллар', 8.6, 74, 2014, 169),
(23, 'Місто Бога', 8.6, 79, 2002, 130),
(24, 'Віднесені привидами', 8.6, 96, 2001, 125),
(25, 'Врятувати рядового Раяна', 8.6, 91, 1998, 169),
(26, 'Зелена миля', 8.6, 61, 1999, 189),
(27, 'Життя прекрасне', 8.6, 59, 1997, 116),
(28, 'Сім', 8.6, 65, 1995, 127),
(29, 'Мовчання ягнят', 8.6, 85, 1991, 118),
(30, 'Зоряні війни: Епізод 4 - Нова надія', 8.6, 90, 1977, 121),
(31, 'Сім самураїв', 8.6, 98, 1954, 207),
(32, 'Це прекрасне життя', 8.6, 89, 1946, 130),
(33, 'Джокер', 8.5, 59, 2019, 122),
(34, 'Месники: Війна нескінченності', 8.5, 68, 2018, 149),
(35, 'Одержимість', 8.5, 88, 2014, 106),
(36, 'Недоторканні', 8.5, 57, 2011, 112),
(37, 'Престиж', 8.5, 66, 2006, 130),
(38, 'Відступники', 8.5, 85, 2006, 151),
(39, 'Піаніст', 8.5, 85, 2002, 150),
(40, 'Гладіатор', 8.5, 67, 2000, 155),
(41, 'Американська історія Ікс', 8.5, 62, 1998, 119),
(42, 'Підозрілі особи', 8.5, 77, 1995, 106),
(43, 'Леон', 8.5, 64, 1994, 110),
(44, 'The Lion King', 8.5, 88, 1994, 88),
(45, 'Термінатор 2: Судний день', 8.5, 75, 1991, 137),
(46, 'Новий кінотеатр «Парадізо»', 8.5, 80, 1988, 155),
(47, 'Могила світлячків', 8.5, 94, 1988, 89),
(48, 'Назад у майбутнє', 8.5, 87, 1985, 116),
(49, 'Одного разу на Дикому Заході', 8.5, 80, 1968, 165),
(50, 'Рай і пекло', 8.5, 0, 1963, 143),
(51, 'Психо', 8.5, 97, 1960, 109),
(52, 'Касабланка', 8.5, 100, 1942, 102),
(53, 'Нові часи', 8.5, 96, 1936, 87),
(54, 'Вогні великого міста', 8.5, 99, 1931, 87),
(55, 'Капернаум', 8.4, 75, 2018, 126),
(56, 'Твоє ім`я', 8.4, 79, 2016, 106),
(57, 'Дангал', 8.4, 0, 2016, 161),
(58, 'Людина-павук: Навколо всесвіту', 8.4, 87, 2018, 117),
(59, 'Месники: Завершення', 8.4, 78, 2019, 181),
(60, 'Коко', 8.4, 81, 2017, 105),
(61, 'Джанго вільний', 8.4, 81, 2012, 165),
(62, 'Темний лицар повертається', 8.4, 78, 2012, 164),
(63, 'Три ідіоти', 8.4, 67, 2009, 170),
(64, 'Зіроньки на Землі', 8.4, 0, 2007, 165),
(65, 'ВОЛЛ-І', 8.4, 95, 2008, 98),
(66, 'Життя інших', 8.4, 89, 2006, 137),
(67, 'Олдбой', 8.4, 77, 2003, 120),
(68, 'Пам`ятай', 8.4, 80, 2000, 113),
(69, 'Принцеса Мононоке', 8.4, 76, 1997, 134),
(70, 'Якось в Америці', 8.4, 0, 1984, 229),
(71, 'Індіана Джонс: У пошуках втраченого ковчега', 8.4, 85, 1981, 115),
(72, 'Сяйво', 8.4, 66, 1980, 146),
(73, 'Апокаліпсис наших днів', 8.4, 94, 1979, 147),
(74, 'Чужий', 8.4, 89, 1979, 117),
(75, 'Доктор Стрейнджлав, або Як я перестав хвилюватись і полюбив бомбу', 8.4, 97, 1964, 95),
(76, 'Свідок обвинувачення', 8.4, 0, 1957, 116),
(77, 'Шляхи слави', 8.4, 0, 1957, 88),
(78, 'Вікно у двір', 8.4, 100, 1954, 112),
(79, 'Бульвар Сансет', 8.4, 0, 1950, 110),
(80, 'Великий диктатор', 8.4, 0, 1940, 125),
(81, '1917', 8.3, 78, 2019, 119),
(82, 'Стріляйте у піаніста', 8.3, 0, 2018, 139),
(83, 'Полювання', 8.3, 77, 2012, 115),
(84, 'Розлучення Надера і Сімін', 8.3, 95, 2011, 123),
(85, 'Пожежі', 8.3, 80, 2010, 131),
(86, 'Батько та Син', 8.3, 0, 2005, 112),
(87, 'Історія іграшок 3', 8.3, 92, 2010, 103),
(88, 'Безславні виродки', 8.3, 69, 2009, 153),
(89, 'Вічне сяйво чистого розуму', 8.3, 89, 2004, 108),
(90, 'Амелі', 8.3, 69, 2001, 122),
(91, 'Великий куш', 8.3, 55, 2000, 104),
(92, 'Реквієм за мрією', 8.3, 68, 2000, 102),
(93, 'Краса по-американськи', 8.3, 84, 1999, 122),
(94, 'Розумник Вілл Хантінг', 8.3, 70, 1997, 126),
(95, 'Діти небес', 8.3, 0, 1997, 89),
(96, 'Бандит', 8.3, 0, 1996, 128),
(97, 'Історія іграшок', 8.3, 95, 1995, 81),
(98, 'Хоробре серце', 8.3, 68, 1995, 178),
(99, 'Скажені пси', 8.3, 79, 1992, 99),
(100, 'Цілісно-металева оболонка', 8.3, 76, 1987, 116),
(101, 'Іди і дивись', 8.3, 0, 1985, 142),
(102, 'Чужі', 8.3, 84, 1986, 137),
(103, 'Амадей', 8.3, 88, 1984, 160),
(104, 'Обличчя зі шрамом', 8.3, 65, 1983, 170),
(105, 'Зоряні війни: Епізод 6 - Повернення Джедая', 8.3, 58, 1983, 131),
(106, 'Підводний човен', 8.3, 86, 1981, 149),
(107, 'Таксист', 8.3, 94, 1976, 114),
(108, 'Аферисти', 8.3, 83, 1973, 129),
(109, 'Механічний апельсин', 8.3, 80, 1971, 136),
(110, '2001: Космічна Одіссея', 8.3, 84, 1968, 149),
(111, 'На декілька доларів більше', 8.3, 74, 1965, 132),
(112, 'Лоуренс Аравійський', 8.3, 100, 1962, 228),
(113, 'Квартира', 8.3, 94, 1960, 125),
(114, 'На північ через північний захід', 8.3, 98, 1959, 136),
(115, 'Запаморочення', 8.3, 100, 1958, 128),
(116, 'Співаючи під дощем', 8.3, 99, 1952, 103),
(117, 'Жити', 8.3, 0, 1952, 143),
(118, 'Викрадачі велосипедів', 8.3, 0, 1948, 89),
(119, 'Подвійна страховка', 8.3, 95, 1944, 107),
(120, 'Громадянин Кейн', 8.3, 100, 1941, 119),
(121, 'М: Місто шукає вбивцю', 8.3, 0, 1931, 117),
(122, 'Метрополіс', 8.3, 98, 1927, 153),
(123, 'Малюк', 8.3, 0, 1921, 68),
(124, 'Портрет дівчини у вогні', 8.2, 95, 2019, 122),
(125, 'Зелена книга', 8.2, 69, 2018, 130),
(126, 'Три білборди під Еббінґом, Міссурі', 8.2, 88, 2017, 115),
(127, 'Клаус', 8.2, 65, 2019, 96),
(128, 'Видимість', 8.2, 0, 2015, 163),
(129, 'Зимова сплячка', 8.2, 88, 2014, 196),
(130, 'Банди Васейпура', 8.2, 89, 2012, 321),
(131, 'Секрет у його очах', 8.2, 80, 2009, 129),
(132, 'Воїн', 8.2, 71, 2011, 140),
(133, 'Вперед і вгору', 8.2, 88, 2009, 96),
(134, 'Вовк з Волл-стріт', 8.2, 75, 2013, 180),
(135, 'Нафта', 8.2, 93, 2007, 158),
(136, 'Лабіринт Фавна', 8.2, 98, 2006, 118),
(137, '«V» означає Вендетта', 8.2, 62, 2005, 132),
(138, 'Колір повстання', 8.2, 0, 2006, 167),
(139, 'Бетмен: Початок', 8.2, 70, 2005, 140),
(140, 'Бункер', 8.2, 82, 2004, 156),
(141, 'Мандрівний замок', 8.2, 80, 2004, 119),
(142, 'Ігри розуму', 8.2, 72, 2001, 135),
(143, 'Карти, гроші, два стволи', 8.2, 66, 1998, 107),
(144, 'Секрети Лос-Анджелеса', 8.2, 90, 1997, 138),
(145, 'Сутичка', 8.2, 76, 1995, 170),
(146, 'Казино', 8.2, 73, 1995, 178),
(147, 'Непрощенний', 8.2, 85, 1992, 130),
(148, 'Індіана Джонс і останній хрестовий похід', 8.2, 65, 1989, 127),
(149, 'Мій сусід Тоторо', 8.2, 86, 1988, 86),
(150, 'Міцний горішок', 8.2, 72, 1988, 132),
(151, 'Ран', 8.2, 96, 1985, 162),
(152, 'Скажений бик', 8.2, 89, 1980, 129),
(153, 'Сталкер', 8.2, 0, 1979, 162),
(154, 'Монті Пайтон і Священний Ґрааль', 8.2, 93, 1975, 91),
(155, 'Китайський квартал', 8.2, 92, 1974, 130),
(156, 'Андрій Рубльов', 8.2, 0, 1966, 205),
(157, 'Велика втеча', 8.2, 86, 1963, 172),
(158, 'Вбити пересмішника', 8.2, 88, 1962, 129),
(159, 'Охоронець', 8.2, 0, 1961, 110),
(160, 'Нюрнберзький процес', 8.2, 60, 1961, 179),
(161, 'У джазі тільки дівчата', 8.2, 98, 1959, 121),
(162, 'Сунична галявина', 8.2, 0, 1957, 91),
(163, 'Сьома печатка', 8.2, 0, 1957, 96),
(164, 'У випадку вбивства телефонуйте «М»', 8.2, 75, 1954, 105),
(165, 'Токійська історія', 8.2, 0, 1953, 136),
(166, 'Рашьомон', 8.2, 98, 1950, 88),
(167, 'Усе про Єву', 8.2, 98, 1950, 138),
(168, 'Скарби Сьєрра-Мадре', 8.2, 98, 1948, 126),
(169, 'Бути чи не бути', 8.2, 86, 1942, 99),
(170, 'Золота лихоманка', 8.2, 0, 1925, 95),
(171, 'Шерлок молодший', 8.2, 0, 1924, 45),
(172, 'Невидимий гість', 8.1, 0, 2016, 106),
(173, 'Служниця', 8.1, 84, 2016, 145),
(174, 'Логан: Росомаха', 8.1, 77, 2017, 137),
(175, 'Кімната', 8.1, 86, 2015, 118),
(176, 'Дикі історії', 8.1, 77, 2014, 122),
(177, 'ПіКей', 8.1, 0, 2014, 153),
(178, 'Готель «Ґранд Будапешт»', 8.1, 88, 2014, 99),
(179, 'Загублена', 8.1, 79, 2014, 149),
(180, 'З міркувань совісті', 8.1, 71, 2016, 139),
(181, 'Думками навиворіт', 8.1, 94, 2015, 95),
(182, '12 років рабства', 8.1, 96, 2013, 134),
(183, 'Гонка', 8.1, 74, 2013, 123),
(184, 'Аутсайдери', 8.1, 81, 2019, 152),
(185, 'У центрі уваги', 8.1, 93, 2015, 129),
(186, 'Прислуга', 8.1, 62, 2011, 146),
(187, 'Полонянки', 8.1, 70, 2013, 153),
(188, 'Шалений Макс: Дорога гніву', 8.1, 90, 2015, 120),
(189, 'Ґран Торіно', 8.1, 72, 2008, 116),
(190, 'Гаррі Поттер і смертельні реліквії: Частина 2', 8.1, 85, 2011, 130),
(191, 'Острів проклятих', 8.1, 63, 2010, 138),
(192, 'Хатіко: Вірний друг', 8.1, 0, 2009, 93),
(193, 'Мері та Макс', 8.1, 0, 2009, 92),
(194, 'Як приборкати дракона', 8.1, 75, 2010, 98),
(195, 'Тепер я йду в дику далечінь', 8.1, 73, 2007, 148),
(196, 'Старим тут не місце', 8.1, 91, 2007, 122),
(197, 'Крихітка на мільйон доларів', 8.1, 86, 2004, 132),
(198, 'Готель Руанда', 8.1, 79, 2004, 121),
(199, 'Спогади про вбивство', 8.1, 82, 2003, 131),
(200, 'Убити Білла', 8.1, 69, 2003, 111),
(201, 'У пошуках Немо', 8.1, 90, 2003, 100),
(202, 'Впіймай мене, якщо зможеш', 8.1, 75, 2002, 141),
(203, 'Сука любов', 8.1, 83, 2000, 154),
(204, 'Лаґаан: Одного разу в Індії', 8.1, 84, 2001, 224),
(205, 'Шосте чуття', 8.1, 64, 1999, 107),
(206, 'Шоу Трумена', 8.1, 90, 1998, 103),
(207, 'Великий Лебовські', 8.1, 71, 1998, 117),
(208, 'Любовний настрій', 8.1, 85, 2000, 98),
(209, 'На голці', 8.1, 83, 1996, 93),
(210, 'Фарґо', 8.1, 85, 1996, 98),
(211, 'Ненависть', 8.1, 0, 1995, 98),
(212, 'До сходу сонця', 8.1, 77, 1995, 101),
(213, 'Три кольори: Червоний', 8.1, 100, 1994, 99),
(214, 'Парк Юрського періоду', 8.1, 68, 1993, 127),
(215, 'В ім`я батька', 8.1, 84, 1993, 133),
(216, 'Спілка мертвих поетів', 8.1, 79, 1989, 128),
(217, 'Принцеса-наречена', 8.1, 77, 1987, 98),
(218, 'Залишся зі мною', 8.1, 75, 1986, 89),
(219, 'Взвод', 8.1, 92, 1986, 120),
(220, 'Париж, Техас', 8.1, 78, 1984, 145),
(221, 'Навсікая з Долини Вітрів', 8.1, 86, 1984, 117),
(222, 'Щось', 8.1, 57, 1982, 109),
(223, 'Той, хто біжить по лезу', 8.1, 84, 1982, 117),
(224, 'Людина-слон', 8.1, 78, 1980, 124),
(225, 'Буття Брайана за Монті Пайтоном', 8.1, 77, 1979, 94),
(226, 'Мисливець на оленів', 8.1, 86, 1978, 183),
(227, 'Роккі', 8.1, 70, 1976, 120),
(228, 'Телемережа', 8.1, 83, 1976, 121),
(229, 'Баррі Ліндон', 8.1, 89, 1975, 185),
(230, 'Холоднокровний Люк', 8.1, 92, 1967, 127),
(231, 'Персона', 8.1, 86, 1966, 85),
(232, 'Чотириста ударів', 8.1, 0, 1959, 99),
(233, 'Бен-Гур', 8.1, 90, 1959, 212),
(234, 'Міст через річку Квай', 8.1, 87, 1957, 161),
(235, 'У порту', 8.1, 91, 1954, 108),
(236, 'Плата за страх', 8.1, 0, 1953, 131),
(237, 'Туз у рукаві', 8.1, 72, 1951, 111),
(238, 'Третя людина', 8.1, 97, 1949, 104),
(239, 'Ребекка', 8.1, 86, 1940, 130),
(240, 'Містер Сміт їде до Вашингтона', 8.1, 73, 1939, 129),
(241, 'Віднесені вітром', 8.1, 97, 1939, 238),
(242, 'Це сталося якось вночі', 8.1, 87, 1934, 105),
(243, 'Страсті Жанни Д`Арк', 8.1, 0, 1928, 110),
(244, 'Генерал', 8.1, 0, 1926, 67),
(245, 'Перед заходом сонця', 8, 90, 2004, 80),
(246, 'Корпорація монстрів', 8, 79, 2001, 92),
(247, 'Аладдін', 8, 86, 1992, 90),
(248, 'Акіра', 8, 0, 1988, 124),
(249, 'Термінатор', 8, 84, 1984, 107),
(250, 'Бутч Кессіді та Санденс Кід', 8, 66, 1969, 110);

-- --------------------------------------------------------

--
-- Структура таблицы `stars`
--

DROP TABLE IF EXISTS `stars`;
CREATE TABLE IF NOT EXISTS `stars` (
  `id` int(11) NOT NULL AUTO_INCREMENT,
  `name` varchar(128) NOT NULL,
  PRIMARY KEY (`id`)
) ENGINE=MyISAM AUTO_INCREMENT=792 DEFAULT CHARSET=utf8;

--
-- Дамп данных таблицы `stars`
--

INSERT INTO `stars` (`id`, `name`) VALUES
(1, 'Tim Robbins'),
(2, 'Morgan Freeman'),
(3, 'Bob Gunton'),
(4, 'William Sadler'),
(5, 'Marlon Brando'),
(6, 'Al Pacino'),
(7, 'James Caan'),
(8, 'Diane Keaton'),
(9, 'Christian Bale'),
(10, 'Heath Ledger'),
(11, 'Aaron Eckhart'),
(12, 'Michael Caine'),
(13, 'Robert De Niro'),
(14, 'Robert Duvall'),
(15, 'Elijah Wood'),
(16, 'Viggo Mortensen'),
(17, 'Ian McKellen'),
(18, 'Orlando Bloom'),
(19, 'John Travolta'),
(20, 'Uma Thurman'),
(21, 'Samuel L. Jackson'),
(22, 'Bruce Willis'),
(23, 'Liam Neeson'),
(24, 'Ralph Fiennes'),
(25, 'Ben Kingsley'),
(26, 'Caroline Goodall'),
(27, 'Henry Fonda'),
(28, 'Lee J. Cobb'),
(29, 'Martin Balsam'),
(30, 'John Fiedler'),
(31, 'Leonardo DiCaprio'),
(32, 'Joseph Gordon-Levitt'),
(33, 'Ellen Page'),
(34, 'Ken Watanabe'),
(35, 'Brad Pitt'),
(36, 'Edward Norton'),
(37, 'Meat Loaf'),
(38, 'Zach Grenier'),
(39, 'Sean Bean'),
(40, 'Tom Hanks'),
(41, 'Robin Wright'),
(42, 'Gary Sinise'),
(43, 'Sally Field'),
(44, 'Clint Eastwood'),
(45, 'Eli Wallach'),
(46, 'Lee Van Cleef'),
(47, 'Aldo Giuffrè'),
(48, 'Keanu Reeves'),
(49, 'Laurence Fishburne'),
(50, 'Carrie-Anne Moss'),
(51, 'Hugo Weaving'),
(52, 'Ray Liotta'),
(53, 'Joe Pesci'),
(54, 'Lorraine Bracco'),
(55, 'Mark Hamill'),
(56, 'Harrison Ford'),
(57, 'Carrie Fisher'),
(58, 'Billy Dee Williams'),
(59, 'Jack Nicholson'),
(60, 'Louise Fletcher'),
(61, 'Will Sampson'),
(62, 'Michael Berryman'),
(63, 'Rajesh Khanna'),
(64, 'Amitabh Bachchan'),
(65, 'Sumita Sanyal'),
(66, 'Ramesh Deo'),
(67, 'Tatsuya Nakadai'),
(68, 'Akira Ishihama'),
(69, 'Shima Iwashita'),
(70, 'Tetsurô Tanba'),
(71, 'Kang-ho Song'),
(72, 'Sun-kyun Lee'),
(73, 'Yeo-jeong Jo'),
(74, 'Woo-sik Choi'),
(75, 'Matthew McConaughey'),
(76, 'Anne Hathaway'),
(77, 'Jessica Chastain'),
(78, 'Mackenzie Foy'),
(79, 'Alexandre Rodrigues'),
(80, 'Leandro Firmino'),
(81, 'Matheus Nachtergaele'),
(82, 'Phellipe Haagensen'),
(83, 'Daveigh Chase'),
(84, 'Suzanne Pleshette'),
(85, 'Miyu Irino'),
(86, 'Rumi Hiiragi'),
(87, 'Matt Damon'),
(88, 'Tom Sizemore'),
(89, 'Edward Burns'),
(90, 'Michael Clarke Duncan'),
(91, 'David Morse'),
(92, 'Bonnie Hunt'),
(93, 'Roberto Benigni'),
(94, 'Nicoletta Braschi'),
(95, 'Giorgio Cantarini'),
(96, 'Giustino Durano'),
(97, 'Kevin Spacey'),
(98, 'Andrew Kevin Walker'),
(99, 'Jodie Foster'),
(100, 'Anthony Hopkins'),
(101, 'Lawrence A. Bonney'),
(102, 'Kasi Lemmons'),
(103, 'Alec Guinness'),
(104, 'Toshirô Mifune'),
(105, 'Takashi Shimura'),
(106, 'Keiko Tsushima'),
(107, 'Yukiko Shimazaki'),
(108, 'James Stewart'),
(109, 'Donna Reed'),
(110, 'Lionel Barrymore'),
(111, 'Thomas Mitchell'),
(112, 'Joaquin Phoenix'),
(113, 'Zazie Beetz'),
(114, 'Frances Conroy'),
(115, 'Robert Downey Jr.'),
(116, 'Chris Hemsworth'),
(117, 'Mark Ruffalo'),
(118, 'Chris Evans'),
(119, 'Miles Teller'),
(120, 'J.K. Simmons'),
(121, 'Melissa Benoist'),
(122, 'Paul Reiser'),
(123, 'François Cluzet'),
(124, 'Omar Sy'),
(125, 'Anne Le Ny'),
(126, 'Audrey Fleurot'),
(127, 'Hugh Jackman'),
(128, 'Scarlett Johansson'),
(129, 'Mark Wahlberg'),
(130, 'Adrien Brody'),
(131, 'Thomas Kretschmann'),
(132, 'Frank Finlay'),
(133, 'Emilia Fox'),
(134, 'Russell Crowe'),
(135, 'Connie Nielsen'),
(136, 'Oliver Reed'),
(137, 'Edward Furlong'),
(138, 'Beverly D`Angelo'),
(139, 'Jennifer Lien'),
(140, 'Gabriel Byrne'),
(141, 'Chazz Palminteri'),
(142, 'Stephen Baldwin'),
(143, 'Jean Reno'),
(144, 'Gary Oldman'),
(145, 'Natalie Portman'),
(146, 'Danny Aiello'),
(147, 'Matthew Broderick'),
(148, 'Jeremy Irons'),
(149, 'James Earl Jones'),
(150, 'Whoopi Goldberg'),
(151, 'Arnold Schwarzenegger'),
(152, 'Linda Hamilton'),
(153, 'Robert Patrick'),
(154, 'Philippe Noiret'),
(155, 'Enzo Cannavale'),
(156, 'Antonella Attili'),
(157, 'Isa Danieli'),
(158, 'Tsutomu Tatsumi'),
(159, 'Ayano Shiraishi'),
(160, 'Akemi Yamaguchi'),
(161, 'Yoshiko Shinohara'),
(162, 'Michael J. Fox'),
(163, 'Christopher Lloyd'),
(164, 'Lea Thompson'),
(165, 'Crispin Glover'),
(166, 'Charles Bronson'),
(167, 'Claudia Cardinale'),
(168, 'Jason Robards'),
(169, 'Yutaka Sada'),
(170, 'Kyôko Kagawa'),
(171, 'Anthony Perkins'),
(172, 'Janet Leigh'),
(173, 'Vera Miles'),
(174, 'John Gavin'),
(175, 'Humphrey Bogart'),
(176, 'Ingrid Bergman'),
(177, 'Paul Henreid'),
(178, 'Claude Rains'),
(179, 'Charles Chaplin'),
(180, 'Paulette Goddard'),
(181, 'Henry Bergman'),
(182, 'Tiny Sandford'),
(183, 'Virginia Cherrill'),
(184, 'Florence Lee'),
(185, 'Harry Myers'),
(186, 'Zain Al Rafeea'),
(187, 'Yordanos Shiferaw'),
(188, 'Boluwatife Treasure Bankole'),
(189, 'Kawsar Al Haddad'),
(190, 'Ryûnosuke Kamiki'),
(191, 'Mone Kamishiraishi'),
(192, 'Ryô Narita'),
(193, 'Aoi Yûki'),
(194, 'Aamir Khan'),
(195, 'Sakshi Tanwar'),
(196, 'Fatima Sana Shaikh'),
(197, 'Sanya Malhotra'),
(198, 'Shameik Moore'),
(199, 'Jake Johnson'),
(200, 'Hailee Steinfeld'),
(201, 'Mahershala Ali'),
(202, 'Anthony Gonzalez'),
(203, 'Gael García Bernal'),
(204, 'Benjamin Bratt'),
(205, 'Alanna Ubach'),
(206, 'Jamie Foxx'),
(207, 'Christoph Waltz'),
(208, 'Kerry Washington'),
(209, 'Tom Hardy'),
(210, 'Madhavan'),
(211, 'Mona Singh'),
(212, 'Sharman Joshi'),
(213, 'Darsheel Safary'),
(214, 'Tisca Chopra'),
(215, 'Vipin Sharma'),
(216, 'Ben Burtt'),
(217, 'Elissa Knight'),
(218, 'Jeff Garlin'),
(219, 'Fred Willard'),
(220, 'Ulrich Mühe'),
(221, 'Martina Gedeck'),
(222, 'Sebastian Koch'),
(223, 'Ulrich Tukur'),
(224, 'Min-sik Choi'),
(225, 'Ji-Tae Yoo'),
(226, 'Hye-jeong Kang'),
(227, 'Dae-han Ji'),
(228, 'Guy Pearce'),
(229, 'Joe Pantoliano'),
(230, 'Mark Boone Junior'),
(231, 'Yôji Matsuda'),
(232, 'Yuriko Ishida'),
(233, 'Yûko Tanaka'),
(234, 'Billy Crudup'),
(235, 'James Woods'),
(236, 'Elizabeth McGovern'),
(237, 'Treat Williams'),
(238, 'Karen Allen'),
(239, 'Paul Freeman'),
(240, 'John Rhys-Davies'),
(241, 'Shelley Duvall'),
(242, 'Danny Lloyd'),
(243, 'Scatman Crothers'),
(244, 'Martin Sheen'),
(245, 'Frederic Forrest'),
(246, 'Sigourney Weaver'),
(247, 'Tom Skerritt'),
(248, 'John Hurt'),
(249, 'Veronica Cartwright'),
(250, 'Peter Sellers'),
(251, 'George C. Scott'),
(252, 'Sterling Hayden'),
(253, 'Keenan Wynn'),
(254, 'Tyrone Power'),
(255, 'Marlene Dietrich'),
(256, 'Charles Laughton'),
(257, 'Elsa Lanchester'),
(258, 'Kirk Douglas'),
(259, 'Ralph Meeker'),
(260, 'Adolphe Menjou'),
(261, 'George Macready'),
(262, 'Grace Kelly'),
(263, 'Wendell Corey'),
(264, 'Thelma Ritter'),
(265, 'William Holden'),
(266, 'Gloria Swanson'),
(267, 'Erich von Stroheim'),
(268, 'Nancy Olson'),
(269, 'Jack Oakie'),
(270, 'Reginald Gardiner'),
(271, 'Dean-Charles Chapman'),
(272, 'George MacKay'),
(273, 'Daniel Mays'),
(274, 'Colin Firth'),
(275, 'Ayushmann Khurrana'),
(276, 'Tabu'),
(277, 'Radhika Apte'),
(278, 'Anil Dhawan'),
(279, 'Mads Mikkelsen'),
(280, 'Thomas Bo Larsen'),
(281, 'Annika Wedderkopp'),
(282, 'Lasse Fogelstrøm'),
(283, 'Payman Maadi'),
(284, 'Leila Hatami'),
(285, 'Sareh Bayat'),
(286, 'Shahab Hosseini'),
(287, 'Lubna Azabal'),
(288, 'Mélissa Désormeaux-Poulin'),
(289, 'Maxim Gaudette'),
(290, 'Mustafa Kamel'),
(291, 'Çetin Tekindor'),
(292, 'Fikret Kuskan'),
(293, 'Hümeyra'),
(294, 'Ege Tanman'),
(295, 'Tim Allen'),
(296, 'Joan Cusack'),
(297, 'Ned Beatty'),
(298, 'Diane Kruger'),
(299, 'Eli Roth'),
(300, 'Mélanie Laurent'),
(301, 'Jim Carrey'),
(302, 'Kate Winslet'),
(303, 'Tom Wilkinson'),
(304, 'Gerry Robert Byrne'),
(305, 'Audrey Tautou'),
(306, 'Mathieu Kassovitz'),
(307, 'Rufus'),
(308, 'Lorella Cravotta'),
(309, 'Jason Statham'),
(310, 'Benicio Del Toro'),
(311, 'Dennis Farina'),
(312, 'Ellen Burstyn'),
(313, 'Jared Leto'),
(314, 'Jennifer Connelly'),
(315, 'Marlon Wayans'),
(316, 'Annette Bening'),
(317, 'Thora Birch'),
(318, 'Wes Bentley'),
(319, 'Robin Williams'),
(320, 'Ben Affleck'),
(321, 'Stellan Skarsgård'),
(322, 'Mohammad Amir Naji'),
(323, 'Amir Farrokh Hashemian'),
(324, 'Bahare Seddiqi'),
(325, 'Nafise Jafar-Mohammadi'),
(326, 'Sener Sen'),
(327, 'Ugur Yücel'),
(328, 'Sermin Hürmeriç'),
(329, 'Yesim Salkim'),
(330, 'Don Rickles'),
(331, 'Jim Varney'),
(332, 'Mel Gibson'),
(333, 'Sophie Marceau'),
(334, 'Patrick McGoohan'),
(335, 'Angus Macfadyen'),
(336, 'Harvey Keitel'),
(337, 'Tim Roth'),
(338, 'Michael Madsen'),
(339, 'Chris Penn'),
(340, 'Matthew Modine'),
(341, 'R. Lee Ermey'),
(342, 'Vincent D`Onofrio'),
(343, 'Adam Baldwin'),
(344, 'Aleksey Kravchenko'),
(345, 'Olga Mironova'),
(346, 'Liubomiras Laucevicius'),
(347, 'Vladas Bagdonas'),
(348, 'Michael Biehn'),
(349, 'Carrie Henn'),
(350, 'F. Murray Abraham'),
(351, 'Tom Hulce'),
(352, 'Elizabeth Berridge'),
(353, 'Roy Dotrice'),
(354, 'Michelle Pfeiffer'),
(355, 'Steven Bauer'),
(356, 'Mary Elizabeth Mastrantonio'),
(357, 'Jürgen Prochnow'),
(358, 'Herbert Grönemeyer'),
(359, 'Klaus Wennemann'),
(360, 'Hubertus Bengsch'),
(361, 'Cybill Shepherd'),
(362, 'Albert Brooks'),
(363, 'Paul Newman'),
(364, 'Robert Redford'),
(365, 'Robert Shaw'),
(366, 'Charles Durning'),
(367, 'Malcolm McDowell'),
(368, 'Patrick Magee'),
(369, 'Michael Bates'),
(370, 'Warren Clarke'),
(371, 'Keir Dullea'),
(372, 'Gary Lockwood'),
(373, 'William Sylvester'),
(374, 'Daniel Richter'),
(375, 'Gian Maria Volontè'),
(376, 'Mara Krupp'),
(377, 'Peter O`Toole'),
(378, 'Anthony Quinn'),
(379, 'Jack Hawkins'),
(380, 'Jack Lemmon'),
(381, 'Shirley MacLaine'),
(382, 'Fred MacMurray'),
(383, 'Ray Walston'),
(384, 'Cary Grant'),
(385, 'Eva Marie Saint'),
(386, 'James Mason'),
(387, 'Jessie Royce Landis'),
(388, 'Kim Novak'),
(389, 'Barbara Bel Geddes'),
(390, 'Tom Helmore'),
(391, 'Gene Kelly'),
(392, 'Donald O`Connor'),
(393, 'Debbie Reynolds'),
(394, 'Jean Hagen'),
(395, 'Nobuo Kaneko'),
(396, 'Shin`ichi Himori'),
(397, 'Haruo Tanaka'),
(398, 'Lamberto Maggiorani'),
(399, 'Enzo Staiola'),
(400, 'Lianella Carell'),
(401, 'Elena Altieri'),
(402, 'Barbara Stanwyck'),
(403, 'Edward G. Robinson'),
(404, 'Byron Barr'),
(405, 'Orson Welles'),
(406, 'Joseph Cotten'),
(407, 'Dorothy Comingore'),
(408, 'Agnes Moorehead'),
(409, 'Peter Lorre'),
(410, 'Ellen Widmann'),
(411, 'Inge Landgut'),
(412, 'Otto Wernicke'),
(413, 'Brigitte Helm'),
(414, 'Alfred Abel'),
(415, 'Gustav Fröhlich'),
(416, 'Rudolf Klein-Rogge'),
(417, 'Edna Purviance'),
(418, 'Jackie Coogan'),
(419, 'Carl Miller'),
(420, 'Noémie Merlant'),
(421, 'Adèle Haenel'),
(422, 'Luàna Bajrami'),
(423, 'Valeria Golino'),
(424, 'Linda Cardellini'),
(425, 'Sebastian Maniscalco'),
(426, 'Frances McDormand'),
(427, 'Woody Harrelson'),
(428, 'Sam Rockwell'),
(429, 'Caleb Landry Jones'),
(430, 'Jason Schwartzman'),
(431, 'Rashida Jones'),
(432, 'Will Sasso'),
(433, 'Ajay Devgn'),
(434, 'Shriya Saran'),
(435, 'Rajat Kapoor'),
(436, 'Haluk Bilginer'),
(437, 'Melisa Sözen'),
(438, 'Demet Akbag'),
(439, 'Ayberk Pekcan'),
(440, 'Manoj Bajpayee'),
(441, 'Richa Chadha'),
(442, 'Nawazuddin Siddiqui'),
(443, 'Tigmanshu Dhulia'),
(444, 'Ricardo Darín'),
(445, 'Soledad Villamil'),
(446, 'Pablo Rago'),
(447, 'Carla Quevedo'),
(448, 'Nick Nolte'),
(449, 'Joel Edgerton'),
(450, 'Jennifer Morrison'),
(451, 'Edward Asner'),
(452, 'Jordan Nagai'),
(453, 'John Ratzenberger'),
(454, 'Christopher Plummer'),
(455, 'Jonah Hill'),
(456, 'Margot Robbie'),
(457, 'Daniel Day-Lewis'),
(458, 'Paul Dano'),
(459, 'Ciarán Hinds'),
(460, 'Martin Stringer'),
(461, 'Ivana Baquero'),
(462, 'Ariadna Gil'),
(463, 'Sergi López'),
(464, 'Maribel Verdú'),
(465, 'Rupert Graves'),
(466, 'Stephen Rea'),
(467, 'Soha Ali Khan'),
(468, 'Siddharth'),
(469, 'Bruno Ganz'),
(470, 'Alexandra Maria Lara'),
(471, 'Ulrich Matthes'),
(472, 'Juliane Köhler'),
(473, 'Chieko Baishô'),
(474, 'Takuya Kimura'),
(475, 'Tatsuya Gashûin'),
(476, 'Akihiro Miwa'),
(477, 'Ed Harris'),
(478, 'Jason Flemyng'),
(479, 'Dexter Fletcher'),
(480, 'Nick Moran'),
(481, 'Kim Basinger'),
(482, 'Val Kilmer'),
(483, 'Jon Voight'),
(484, 'Sharon Stone'),
(485, 'Gene Hackman'),
(486, 'Richard Harris'),
(487, 'Sean Connery'),
(488, 'Alison Doody'),
(489, 'Denholm Elliott'),
(490, 'Hitoshi Takagi'),
(491, 'Noriko Hidaka'),
(492, 'Chika Sakamoto'),
(493, 'Shigesato Itoi'),
(494, 'Alan Rickman'),
(495, 'Bonnie Bedelia'),
(496, 'Reginald VelJohnson'),
(497, 'Akira Terao'),
(498, 'Jinpachi Nezu'),
(499, 'Daisuke Ryû'),
(500, 'Cathy Moriarty'),
(501, 'Frank Vincent'),
(502, 'Alisa Freyndlikh'),
(503, 'Aleksandr Kaydanovskiy'),
(504, 'Anatoliy Solonitsyn'),
(505, 'Nikolay Grinko'),
(506, 'Graham Chapman'),
(507, 'John Cleese'),
(508, 'Eric Idle'),
(509, 'Terry Gilliam'),
(510, 'Faye Dunaway'),
(511, 'John Huston'),
(512, 'Perry Lopez'),
(513, 'Ivan Lapikov'),
(514, 'Nikolay Sergeev'),
(515, 'Steve McQueen'),
(516, 'James Garner'),
(517, 'Richard Attenborough'),
(518, 'Gregory Peck'),
(519, 'John Megna'),
(520, 'Frank Overton'),
(521, 'Rosemary Murphy'),
(522, 'Eijirô Tôno'),
(523, 'Yôko Tsukasa'),
(524, 'Spencer Tracy'),
(525, 'Burt Lancaster'),
(526, 'Richard Widmark'),
(527, 'Marilyn Monroe'),
(528, 'Tony Curtis'),
(529, 'George Raft'),
(530, 'Victor Sjöström'),
(531, 'Bibi Andersson'),
(532, 'Ingrid Thulin'),
(533, 'Gunnar Björnstrand'),
(534, 'Max von Sydow'),
(535, 'Bengt Ekerot'),
(536, 'Nils Poppe'),
(537, 'Ray Milland'),
(538, 'Robert Cummings'),
(539, 'John Williams'),
(540, 'Chishû Ryû'),
(541, 'Chieko Higashiyama'),
(542, 'Sô Yamamura'),
(543, 'Setsuko Hara'),
(544, 'Machiko Kyô'),
(545, 'Masayuki Mori'),
(546, 'Bette Davis'),
(547, 'Anne Baxter'),
(548, 'George Sanders'),
(549, 'Celeste Holm'),
(550, 'Walter Huston'),
(551, 'Tim Holt'),
(552, 'Bruce Bennett'),
(553, 'Carole Lombard'),
(554, 'Jack Benny'),
(555, 'Robert Stack'),
(556, 'Felix Bressart'),
(557, 'Mack Swain'),
(558, 'Tom Murray'),
(559, 'Buster Keaton'),
(560, 'Kathryn McGuire'),
(561, 'Joe Keaton'),
(562, 'Erwin Connelly'),
(563, 'Mario Casas'),
(564, 'Ana Wagener'),
(565, 'Jose Coronado'),
(566, 'Bárbara Lennie'),
(567, 'Min-hee Kim'),
(568, 'Jung-woo Ha'),
(569, 'Jin-woong Cho'),
(570, 'So-Ri Moon'),
(571, 'Patrick Stewart'),
(572, 'Dafne Keen'),
(573, 'Boyd Holbrook'),
(574, 'Brie Larson'),
(575, 'Jacob Tremblay'),
(576, 'Sean Bridgers'),
(577, 'Wendy Crewson'),
(578, 'Darío Grandinetti'),
(579, 'María Marull'),
(580, 'Mónica Villa'),
(581, 'Diego Starosta'),
(582, 'Anushka Sharma'),
(583, 'Sanjay Dutt'),
(584, 'Boman Irani'),
(585, 'Mathieu Amalric'),
(586, 'Rosamund Pike'),
(587, 'Neil Patrick Harris'),
(588, 'Tyler Perry'),
(589, 'Andrew Garfield'),
(590, 'Sam Worthington'),
(591, 'Luke Bracey'),
(592, 'Teresa Palmer'),
(593, 'Amy Poehler'),
(594, 'Bill Hader'),
(595, 'Lewis Black'),
(596, 'Mindy Kaling'),
(597, 'Chiwetel Ejiofor'),
(598, 'Michael Kenneth Williams'),
(599, 'Michael Fassbender'),
(600, 'Daniel Brühl'),
(601, 'Olivia Wilde'),
(602, 'Jon Bernthal'),
(603, 'Caitriona Balfe'),
(604, 'Michael Keaton'),
(605, 'Rachel McAdams'),
(606, 'Liev Schreiber'),
(607, 'Emma Stone'),
(608, 'Viola Davis'),
(609, 'Octavia Spencer'),
(610, 'Bryce Dallas Howard'),
(611, 'Jake Gyllenhaal'),
(612, 'Melissa Leo'),
(613, 'Charlize Theron'),
(614, 'Nicholas Hoult'),
(615, 'Zoë Kravitz'),
(616, 'Bee Vang'),
(617, 'Christopher Carley'),
(618, 'Ahney Her'),
(619, 'Daniel Radcliffe'),
(620, 'Emma Watson'),
(621, 'Rupert Grint'),
(622, 'Michael Gambon'),
(623, 'Emily Mortimer'),
(624, 'Richard Gere'),
(625, 'Joan Allen'),
(626, 'Cary-Hiroyuki Tagawa'),
(627, 'Sarah Roemer'),
(628, 'Toni Collette'),
(629, 'Philip Seymour Hoffman'),
(630, 'Eric Bana'),
(631, 'Barry Humphries'),
(632, 'Jay Baruchel'),
(633, 'Gerard Butler'),
(634, 'Christopher Mintz-Plasse'),
(635, 'Craig Ferguson'),
(636, 'Emile Hirsch'),
(637, 'Vince Vaughn'),
(638, 'Catherine Keener'),
(639, 'Marcia Gay Harden'),
(640, 'Tommy Lee Jones'),
(641, 'Javier Bardem'),
(642, 'Josh Brolin'),
(643, 'Hilary Swank'),
(644, 'Don Cheadle'),
(645, 'Sophie Okonedo'),
(646, 'Xolani Mali'),
(647, 'Sang-kyung Kim'),
(648, 'Roe-ha Kim'),
(649, 'Jae-ho Song'),
(650, 'David Carradine'),
(651, 'Daryl Hannah'),
(652, 'Ellen DeGeneres'),
(653, 'Alexander Gould'),
(654, 'Willem Dafoe'),
(655, 'Christopher Walken'),
(656, 'Emilio Echevarría'),
(657, 'Goya Toledo'),
(658, 'Álvaro Guerrero'),
(659, 'Raghuvir Yadav'),
(660, 'Gracy Singh'),
(661, 'Rachel Shelley'),
(662, 'Haley Joel Osment'),
(663, 'Olivia Williams'),
(664, 'Laura Linney'),
(665, 'Noah Emmerich'),
(666, 'Jeff Bridges'),
(667, 'John Goodman'),
(668, 'Julianne Moore'),
(669, 'Steve Buscemi'),
(670, 'Tony Chiu-Wai Leung'),
(671, 'Maggie Cheung'),
(672, 'Ping Lam Siu'),
(673, 'Tung Cho `Joe` Cheung'),
(674, 'Ewan McGregor'),
(675, 'Ewen Bremner'),
(676, 'Jonny Lee Miller'),
(677, 'Kevin McKidd'),
(678, 'William H. Macy'),
(679, 'Peter Stormare'),
(680, 'Vincent Cassel'),
(681, 'Hubert Koundé'),
(682, 'Saïd Taghmaoui'),
(683, 'Abdel Ahmed Ghili'),
(684, 'Ethan Hawke'),
(685, 'Julie Delpy'),
(686, 'Andrea Eckert'),
(687, 'Hanno Pöschl'),
(688, 'Irène Jacob'),
(689, 'Jean-Louis Trintignant'),
(690, 'Frédérique Feder'),
(691, 'Jean-Pierre Lorit'),
(692, 'Sam Neill'),
(693, 'Laura Dern'),
(694, 'Jeff Goldblum'),
(695, 'Pete Postlethwaite'),
(696, 'Alison Crosbie'),
(697, 'Philip King'),
(698, 'Robert Sean Leonard'),
(699, 'Josh Charles'),
(700, 'Cary Elwes'),
(701, 'Mandy Patinkin'),
(702, 'Chris Sarandon'),
(703, 'Wil Wheaton'),
(704, 'River Phoenix'),
(705, 'Corey Feldman'),
(706, 'Jerry O`Connell'),
(707, 'Charlie Sheen'),
(708, 'Tom Berenger'),
(709, 'Keith David'),
(710, 'Harry Dean Stanton'),
(711, 'Nastassja Kinski'),
(712, 'Dean Stockwell'),
(713, 'Aurore Clément'),
(714, 'Sumi Shimamoto'),
(715, 'Mahito Tsujimura'),
(716, 'Hisako Kyôda'),
(717, 'Gorô Naya'),
(718, 'Kurt Russell'),
(719, 'Wilford Brimley'),
(720, 'Richard Masur'),
(721, 'Rutger Hauer'),
(722, 'Sean Young'),
(723, 'Edward James Olmos'),
(724, 'Anne Bancroft'),
(725, 'John Gielgud'),
(726, 'Michael Palin'),
(727, 'John Cazale'),
(728, 'John Savage'),
(729, 'Sylvester Stallone'),
(730, 'Talia Shire'),
(731, 'Burt Young'),
(732, 'Carl Weathers'),
(733, 'Peter Finch'),
(734, 'Ryan O`Neal'),
(735, 'Marisa Berenson'),
(736, 'Hardy Krüger'),
(737, 'George Kennedy'),
(738, 'Strother Martin'),
(739, 'J.D. Cannon'),
(740, 'Liv Ullmann'),
(741, 'Margaretha Krook'),
(742, 'Jean-Pierre Léaud'),
(743, 'Albert Rémy'),
(744, 'Claire Maurier'),
(745, 'Guy Decomble'),
(746, 'Charlton Heston'),
(747, 'Stephen Boyd'),
(748, 'Haya Harareet'),
(749, 'Sessue Hayakawa'),
(750, 'Karl Malden'),
(751, 'Rod Steiger'),
(752, 'Yves Montand'),
(753, 'Charles Vanel'),
(754, 'Peter van Eyck'),
(755, 'Folco Lulli'),
(756, 'Jan Sterling'),
(757, 'Robert Arthur'),
(758, 'Porter Hall'),
(759, 'Alida Valli'),
(760, 'Trevor Howard'),
(761, 'Laurence Olivier'),
(762, 'Joan Fontaine'),
(763, 'Judith Anderson'),
(764, 'Jean Arthur'),
(765, 'Edward Arnold'),
(766, 'Clark Gable'),
(767, 'Vivien Leigh'),
(768, 'Barbara O`Neil'),
(769, 'Claudette Colbert'),
(770, 'Walter Connolly'),
(771, 'Roscoe Karns'),
(772, 'Maria Falconetti'),
(773, 'Eugene Silvain'),
(774, 'André Berley'),
(775, 'Maurice Schutz'),
(776, 'Marion Mack'),
(777, 'Glen Cavender'),
(778, 'Jim Farley'),
(779, 'Vernon Dobtcheff'),
(780, 'Louise Lemoine Torrès'),
(781, 'Billy Crystal'),
(782, 'Mary Gibbs'),
(783, 'Scott Weinger'),
(784, 'Linda Larkin'),
(785, 'Jonathan Freeman'),
(786, 'Mitsuo Iwata'),
(787, 'Nozomu Sasaki'),
(788, 'Mami Koyama'),
(789, 'Tesshô Genda'),
(790, 'Paul Winfield'),
(791, 'Katharine Ross');

-- --------------------------------------------------------

--
-- Структура таблицы `stars_in_movie`
--

DROP TABLE IF EXISTS `stars_in_movie`;
CREATE TABLE IF NOT EXISTS `stars_in_movie` (
  `id` int(11) NOT NULL AUTO_INCREMENT,
  `star` int(11) NOT NULL,
  `movie` int(11) NOT NULL,
  PRIMARY KEY (`id`)
) ENGINE=MyISAM AUTO_INCREMENT=1001 DEFAULT CHARSET=utf8;

--
-- Дамп данных таблицы `stars_in_movie`
--

INSERT INTO `stars_in_movie` (`id`, `star`, `movie`) VALUES
(1, 1, 1),
(2, 2, 1),
(3, 3, 1),
(4, 4, 1),
(5, 5, 2),
(6, 6, 2),
(7, 7, 2),
(8, 8, 2),
(9, 9, 3),
(10, 10, 3),
(11, 11, 3),
(12, 12, 3),
(13, 6, 4),
(14, 13, 4),
(15, 14, 4),
(16, 8, 4),
(17, 15, 5),
(18, 16, 5),
(19, 17, 5),
(20, 18, 5),
(21, 19, 6),
(22, 20, 6),
(23, 21, 6),
(24, 22, 6),
(25, 23, 7),
(26, 24, 7),
(27, 25, 7),
(28, 26, 7),
(29, 27, 8),
(30, 28, 8),
(31, 29, 8),
(32, 30, 8),
(33, 31, 9),
(34, 32, 9),
(35, 33, 9),
(36, 34, 9),
(37, 35, 10),
(38, 36, 10),
(39, 37, 10),
(40, 38, 10),
(41, 15, 11),
(42, 17, 11),
(43, 18, 11),
(44, 39, 11),
(45, 40, 12),
(46, 41, 12),
(47, 42, 12),
(48, 43, 12),
(49, 44, 13),
(50, 45, 13),
(51, 46, 13),
(52, 47, 13),
(53, 15, 14),
(54, 17, 14),
(55, 16, 14),
(56, 18, 14),
(57, 48, 15),
(58, 49, 15),
(59, 50, 15),
(60, 51, 15),
(61, 13, 16),
(62, 52, 16),
(63, 53, 16),
(64, 54, 16),
(65, 55, 17),
(66, 56, 17),
(67, 57, 17),
(68, 58, 17),
(69, 59, 18),
(70, 60, 18),
(71, 61, 18),
(72, 62, 18),
(73, 63, 19),
(74, 64, 19),
(75, 65, 19),
(76, 66, 19),
(77, 67, 20),
(78, 68, 20),
(79, 69, 20),
(80, 70, 20),
(81, 71, 21),
(82, 72, 21),
(83, 73, 21),
(84, 74, 21),
(85, 75, 22),
(86, 76, 22),
(87, 77, 22),
(88, 78, 22),
(89, 79, 23),
(90, 80, 23),
(91, 81, 23),
(92, 82, 23),
(93, 83, 24),
(94, 84, 24),
(95, 85, 24),
(96, 86, 24),
(97, 40, 25),
(98, 87, 25),
(99, 88, 25),
(100, 89, 25),
(101, 40, 26),
(102, 90, 26),
(103, 91, 26),
(104, 92, 26),
(105, 93, 27),
(106, 94, 27),
(107, 95, 27),
(108, 96, 27),
(109, 2, 28),
(110, 35, 28),
(111, 97, 28),
(112, 98, 28),
(113, 99, 29),
(114, 100, 29),
(115, 101, 29),
(116, 102, 29),
(117, 55, 30),
(118, 56, 30),
(119, 57, 30),
(120, 103, 30),
(121, 104, 31),
(122, 105, 31),
(123, 106, 31),
(124, 107, 31),
(125, 108, 32),
(126, 109, 32),
(127, 110, 32),
(128, 111, 32),
(129, 112, 33),
(130, 13, 33),
(131, 113, 33),
(132, 114, 33),
(133, 115, 34),
(134, 116, 34),
(135, 117, 34),
(136, 118, 34),
(137, 119, 35),
(138, 120, 35),
(139, 121, 35),
(140, 122, 35),
(141, 123, 36),
(142, 124, 36),
(143, 125, 36),
(144, 126, 36),
(145, 9, 37),
(146, 127, 37),
(147, 128, 37),
(148, 12, 37),
(149, 31, 38),
(150, 87, 38),
(151, 59, 38),
(152, 129, 38),
(153, 130, 39),
(154, 131, 39),
(155, 132, 39),
(156, 133, 39),
(157, 134, 40),
(158, 112, 40),
(159, 135, 40),
(160, 136, 40),
(161, 36, 41),
(162, 137, 41),
(163, 138, 41),
(164, 139, 41),
(165, 97, 42),
(166, 140, 42),
(167, 141, 42),
(168, 142, 42),
(169, 143, 43),
(170, 144, 43),
(171, 145, 43),
(172, 146, 43),
(173, 147, 44),
(174, 148, 44),
(175, 149, 44),
(176, 150, 44),
(177, 151, 45),
(178, 152, 45),
(179, 137, 45),
(180, 153, 45),
(181, 154, 46),
(182, 155, 46),
(183, 156, 46),
(184, 157, 46),
(185, 158, 47),
(186, 159, 47),
(187, 160, 47),
(188, 161, 47),
(189, 162, 48),
(190, 163, 48),
(191, 164, 48),
(192, 165, 48),
(193, 27, 49),
(194, 166, 49),
(195, 167, 49),
(196, 168, 49),
(197, 104, 50),
(198, 169, 50),
(199, 67, 50),
(200, 170, 50),
(201, 171, 51),
(202, 172, 51),
(203, 173, 51),
(204, 174, 51),
(205, 175, 52),
(206, 176, 52),
(207, 177, 52),
(208, 178, 52),
(209, 179, 53),
(210, 180, 53),
(211, 181, 53),
(212, 182, 53),
(213, 179, 54),
(214, 183, 54),
(215, 184, 54),
(216, 185, 54),
(217, 186, 55),
(218, 187, 55),
(219, 188, 55),
(220, 189, 55),
(221, 190, 56),
(222, 191, 56),
(223, 192, 56),
(224, 193, 56),
(225, 194, 57),
(226, 195, 57),
(227, 196, 57),
(228, 197, 57),
(229, 198, 58),
(230, 199, 58),
(231, 200, 58),
(232, 201, 58),
(233, 115, 59),
(234, 118, 59),
(235, 117, 59),
(236, 116, 59),
(237, 202, 60),
(238, 203, 60),
(239, 204, 60),
(240, 205, 60),
(241, 206, 61),
(242, 207, 61),
(243, 31, 61),
(244, 208, 61),
(245, 9, 62),
(246, 209, 62),
(247, 76, 62),
(248, 144, 62),
(249, 194, 63),
(250, 210, 63),
(251, 211, 63),
(252, 212, 63),
(253, 213, 64),
(254, 194, 64),
(255, 214, 64),
(256, 215, 64),
(257, 216, 65),
(258, 217, 65),
(259, 218, 65),
(260, 219, 65),
(261, 220, 66),
(262, 221, 66),
(263, 222, 66),
(264, 223, 66),
(265, 224, 67),
(266, 225, 67),
(267, 226, 67),
(268, 227, 67),
(269, 228, 68),
(270, 50, 68),
(271, 229, 68),
(272, 230, 68),
(273, 231, 69),
(274, 232, 69),
(275, 233, 69),
(276, 234, 69),
(277, 13, 70),
(278, 235, 70),
(279, 236, 70),
(280, 237, 70),
(281, 56, 71),
(282, 238, 71),
(283, 239, 71),
(284, 240, 71),
(285, 59, 72),
(286, 241, 72),
(287, 242, 72),
(288, 243, 72),
(289, 244, 73),
(290, 5, 73),
(291, 14, 73),
(292, 245, 73),
(293, 246, 74),
(294, 247, 74),
(295, 248, 74),
(296, 249, 74),
(297, 250, 75),
(298, 251, 75),
(299, 252, 75),
(300, 253, 75),
(301, 254, 76),
(302, 255, 76),
(303, 256, 76),
(304, 257, 76),
(305, 258, 77),
(306, 259, 77),
(307, 260, 77),
(308, 261, 77),
(309, 108, 78),
(310, 262, 78),
(311, 263, 78),
(312, 264, 78),
(313, 265, 79),
(314, 266, 79),
(315, 267, 79),
(316, 268, 79),
(317, 179, 80),
(318, 180, 80),
(319, 269, 80),
(320, 270, 80),
(321, 271, 81),
(322, 272, 81),
(323, 273, 81),
(324, 274, 81),
(325, 275, 82),
(326, 276, 82),
(327, 277, 82),
(328, 278, 82),
(329, 279, 83),
(330, 280, 83),
(331, 281, 83),
(332, 282, 83),
(333, 283, 84),
(334, 284, 84),
(335, 285, 84),
(336, 286, 84),
(337, 287, 85),
(338, 288, 85),
(339, 289, 85),
(340, 290, 85),
(341, 291, 86),
(342, 292, 86),
(343, 293, 86),
(344, 294, 86),
(345, 40, 87),
(346, 295, 87),
(347, 296, 87),
(348, 297, 87),
(349, 35, 88),
(350, 298, 88),
(351, 299, 88),
(352, 300, 88),
(353, 301, 89),
(354, 302, 89),
(355, 303, 89),
(356, 304, 89),
(357, 305, 90),
(358, 306, 90),
(359, 307, 90),
(360, 308, 90),
(361, 309, 91),
(362, 35, 91),
(363, 310, 91),
(364, 311, 91),
(365, 312, 92),
(366, 313, 92),
(367, 314, 92),
(368, 315, 92),
(369, 97, 93),
(370, 316, 93),
(371, 317, 93),
(372, 318, 93),
(373, 319, 94),
(374, 87, 94),
(375, 320, 94),
(376, 321, 94),
(377, 322, 95),
(378, 323, 95),
(379, 324, 95),
(380, 325, 95),
(381, 326, 96),
(382, 327, 96),
(383, 328, 96),
(384, 329, 96),
(385, 40, 97),
(386, 295, 97),
(387, 330, 97),
(388, 331, 97),
(389, 332, 98),
(390, 333, 98),
(391, 334, 98),
(392, 335, 98),
(393, 336, 99),
(394, 337, 99),
(395, 338, 99),
(396, 339, 99),
(397, 340, 100),
(398, 341, 100),
(399, 342, 100),
(400, 343, 100),
(401, 344, 101),
(402, 345, 101),
(403, 346, 101),
(404, 347, 101),
(405, 246, 102),
(406, 348, 102),
(407, 349, 102),
(408, 122, 102),
(409, 350, 103),
(410, 351, 103),
(411, 352, 103),
(412, 353, 103),
(413, 6, 104),
(414, 354, 104),
(415, 355, 104),
(416, 356, 104),
(417, 55, 105),
(418, 56, 105),
(419, 57, 105),
(420, 58, 105),
(421, 357, 106),
(422, 358, 106),
(423, 359, 106),
(424, 360, 106),
(425, 13, 107),
(426, 99, 107),
(427, 361, 107),
(428, 362, 107),
(429, 363, 108),
(430, 364, 108),
(431, 365, 108),
(432, 366, 108),
(433, 367, 109),
(434, 368, 109),
(435, 369, 109),
(436, 370, 109),
(437, 371, 110),
(438, 372, 110),
(439, 373, 110),
(440, 374, 110),
(441, 44, 111),
(442, 46, 111),
(443, 375, 111),
(444, 376, 111),
(445, 377, 112),
(446, 103, 112),
(447, 378, 112),
(448, 379, 112),
(449, 380, 113),
(450, 381, 113),
(451, 382, 113),
(452, 383, 113),
(453, 384, 114),
(454, 385, 114),
(455, 386, 114),
(456, 387, 114),
(457, 108, 115),
(458, 388, 115),
(459, 389, 115),
(460, 390, 115),
(461, 391, 116),
(462, 392, 116),
(463, 393, 116),
(464, 394, 116),
(465, 105, 117),
(466, 395, 117),
(467, 396, 117),
(468, 397, 117),
(469, 398, 118),
(470, 399, 118),
(471, 400, 118),
(472, 401, 118),
(473, 382, 119),
(474, 402, 119),
(475, 403, 119),
(476, 404, 119),
(477, 405, 120),
(478, 406, 120),
(479, 407, 120),
(480, 408, 120),
(481, 409, 121),
(482, 410, 121),
(483, 411, 121),
(484, 412, 121),
(485, 413, 122),
(486, 414, 122),
(487, 415, 122),
(488, 416, 122),
(489, 179, 123),
(490, 417, 123),
(491, 418, 123),
(492, 419, 123),
(493, 420, 124),
(494, 421, 124),
(495, 422, 124),
(496, 423, 124),
(497, 16, 125),
(498, 201, 125),
(499, 424, 125),
(500, 425, 125),
(501, 426, 126),
(502, 427, 126),
(503, 428, 126),
(504, 429, 126),
(505, 430, 127),
(506, 120, 127),
(507, 431, 127),
(508, 432, 127),
(509, 433, 128),
(510, 434, 128),
(511, 276, 128),
(512, 435, 128),
(513, 436, 129),
(514, 437, 129),
(515, 438, 129),
(516, 439, 129),
(517, 440, 130),
(518, 441, 130),
(519, 442, 130),
(520, 443, 130),
(521, 444, 131),
(522, 445, 131),
(523, 446, 131),
(524, 447, 131),
(525, 209, 132),
(526, 448, 132),
(527, 449, 132),
(528, 450, 132),
(529, 451, 133),
(530, 452, 133),
(531, 453, 133),
(532, 454, 133),
(533, 31, 134),
(534, 455, 134),
(535, 456, 134),
(536, 75, 134),
(537, 457, 135),
(538, 458, 135),
(539, 459, 135),
(540, 460, 135),
(541, 461, 136),
(542, 462, 136),
(543, 463, 136),
(544, 464, 136),
(545, 51, 137),
(546, 145, 137),
(547, 465, 137),
(548, 466, 137),
(549, 194, 138),
(550, 467, 138),
(551, 468, 138),
(552, 212, 138),
(553, 9, 139),
(554, 12, 139),
(555, 34, 139),
(556, 23, 139),
(557, 469, 140),
(558, 470, 140),
(559, 471, 140),
(560, 472, 140),
(561, 473, 141),
(562, 474, 141),
(563, 475, 141),
(564, 476, 141),
(565, 134, 142),
(566, 477, 142),
(567, 314, 142),
(568, 454, 142),
(569, 478, 143),
(570, 479, 143),
(571, 480, 143),
(572, 309, 143),
(573, 97, 144),
(574, 134, 144),
(575, 228, 144),
(576, 481, 144),
(577, 6, 145),
(578, 13, 145),
(579, 482, 145),
(580, 483, 145),
(581, 13, 146),
(582, 484, 146),
(583, 53, 146),
(584, 235, 146),
(585, 44, 147),
(586, 485, 147),
(587, 2, 147),
(588, 486, 147),
(589, 56, 148),
(590, 487, 148),
(591, 488, 148),
(592, 489, 148),
(593, 490, 149),
(594, 491, 149),
(595, 492, 149),
(596, 493, 149),
(597, 22, 150),
(598, 494, 150),
(599, 495, 150),
(600, 496, 150),
(601, 67, 151),
(602, 497, 151),
(603, 498, 151),
(604, 499, 151),
(605, 13, 152),
(606, 500, 152),
(607, 53, 152),
(608, 501, 152),
(609, 502, 153),
(610, 503, 153),
(611, 504, 153),
(612, 505, 153),
(613, 506, 154),
(614, 507, 154),
(615, 508, 154),
(616, 509, 154),
(617, 59, 155),
(618, 510, 155),
(619, 511, 155),
(620, 512, 155),
(621, 504, 156),
(622, 513, 156),
(623, 505, 156),
(624, 514, 156),
(625, 515, 157),
(626, 516, 157),
(627, 517, 157),
(628, 166, 157),
(629, 518, 158),
(630, 519, 158),
(631, 520, 158),
(632, 521, 158),
(633, 104, 159),
(634, 522, 159),
(635, 67, 159),
(636, 523, 159),
(637, 524, 160),
(638, 525, 160),
(639, 526, 160),
(640, 255, 160),
(641, 527, 161),
(642, 528, 161),
(643, 380, 161),
(644, 529, 161),
(645, 530, 162),
(646, 531, 162),
(647, 532, 162),
(648, 533, 162),
(649, 534, 163),
(650, 533, 163),
(651, 535, 163),
(652, 536, 163),
(653, 537, 164),
(654, 262, 164),
(655, 538, 164),
(656, 539, 164),
(657, 540, 165),
(658, 541, 165),
(659, 542, 165),
(660, 543, 165),
(661, 104, 166),
(662, 544, 166),
(663, 545, 166),
(664, 105, 166),
(665, 546, 167),
(666, 547, 167),
(667, 548, 167),
(668, 549, 167),
(669, 175, 168),
(670, 550, 168),
(671, 551, 168),
(672, 552, 168),
(673, 553, 169),
(674, 554, 169),
(675, 555, 169),
(676, 556, 169),
(677, 179, 170),
(678, 557, 170),
(679, 558, 170),
(680, 181, 170),
(681, 559, 171),
(682, 560, 171),
(683, 561, 171),
(684, 562, 171),
(685, 563, 172),
(686, 564, 172),
(687, 565, 172),
(688, 566, 172),
(689, 567, 173),
(690, 568, 173),
(691, 569, 173),
(692, 570, 173),
(693, 127, 174),
(694, 571, 174),
(695, 572, 174),
(696, 573, 174),
(697, 574, 175),
(698, 575, 175),
(699, 576, 175),
(700, 577, 175),
(701, 578, 176),
(702, 579, 176),
(703, 580, 176),
(704, 581, 176),
(705, 194, 177),
(706, 582, 177),
(707, 583, 177),
(708, 584, 177),
(709, 24, 178),
(710, 350, 178),
(711, 585, 178),
(712, 130, 178),
(713, 320, 179),
(714, 586, 179),
(715, 587, 179),
(716, 588, 179),
(717, 589, 180),
(718, 590, 180),
(719, 591, 180),
(720, 592, 180),
(721, 593, 181),
(722, 594, 181),
(723, 595, 181),
(724, 596, 181),
(725, 597, 182),
(726, 598, 182),
(727, 599, 182),
(728, 35, 182),
(729, 600, 183),
(730, 116, 183),
(731, 601, 183),
(732, 470, 183),
(733, 87, 184),
(734, 9, 184),
(735, 602, 184),
(736, 603, 184),
(737, 117, 185),
(738, 604, 185),
(739, 605, 185),
(740, 606, 185),
(741, 607, 186),
(742, 608, 186),
(743, 609, 186),
(744, 610, 186),
(745, 127, 187),
(746, 611, 187),
(747, 608, 187),
(748, 612, 187),
(749, 209, 188),
(750, 613, 188),
(751, 614, 188),
(752, 615, 188),
(753, 44, 189),
(754, 616, 189),
(755, 617, 189),
(756, 618, 189),
(757, 619, 190),
(758, 620, 190),
(759, 621, 190),
(760, 622, 190),
(761, 31, 191),
(762, 623, 191),
(763, 117, 191),
(764, 25, 191),
(765, 624, 192),
(766, 625, 192),
(767, 626, 192),
(768, 627, 192),
(769, 628, 193),
(770, 629, 193),
(771, 630, 193),
(772, 631, 193),
(773, 632, 194),
(774, 633, 194),
(775, 634, 194),
(776, 635, 194),
(777, 636, 195),
(778, 637, 195),
(779, 638, 195),
(780, 639, 195),
(781, 640, 196),
(782, 641, 196),
(783, 642, 196),
(784, 427, 196),
(785, 643, 197),
(786, 44, 197),
(787, 2, 197),
(788, 632, 197),
(789, 644, 198),
(790, 645, 198),
(791, 112, 198),
(792, 646, 198),
(793, 71, 199),
(794, 647, 199),
(795, 648, 199),
(796, 649, 199),
(797, 20, 200),
(798, 650, 200),
(799, 651, 200),
(800, 338, 200),
(801, 362, 201),
(802, 652, 201),
(803, 653, 201),
(804, 654, 201),
(805, 31, 202),
(806, 40, 202),
(807, 655, 202),
(808, 244, 202),
(809, 656, 203),
(810, 203, 203),
(811, 657, 203),
(812, 658, 203),
(813, 194, 204),
(814, 659, 204),
(815, 660, 204),
(816, 661, 204),
(817, 22, 205),
(818, 662, 205),
(819, 628, 205),
(820, 663, 205),
(821, 301, 206),
(822, 477, 206),
(823, 664, 206),
(824, 665, 206),
(825, 666, 207),
(826, 667, 207),
(827, 668, 207),
(828, 669, 207),
(829, 670, 208),
(830, 671, 208),
(831, 672, 208),
(832, 673, 208),
(833, 674, 209),
(834, 675, 209),
(835, 676, 209),
(836, 677, 209),
(837, 678, 210),
(838, 426, 210),
(839, 669, 210),
(840, 679, 210),
(841, 680, 211),
(842, 681, 211),
(843, 682, 211),
(844, 683, 211),
(845, 684, 212),
(846, 685, 212),
(847, 686, 212),
(848, 687, 212),
(849, 688, 213),
(850, 689, 213),
(851, 690, 213),
(852, 691, 213),
(853, 692, 214),
(854, 693, 214),
(855, 694, 214),
(856, 517, 214),
(857, 457, 215),
(858, 695, 215),
(859, 696, 215),
(860, 697, 215),
(861, 319, 216),
(862, 698, 216),
(863, 684, 216),
(864, 699, 216),
(865, 700, 217),
(866, 701, 217),
(867, 41, 217),
(868, 702, 217),
(869, 703, 218),
(870, 704, 218),
(871, 705, 218),
(872, 706, 218),
(873, 707, 219),
(874, 708, 219),
(875, 654, 219),
(876, 709, 219),
(877, 710, 220),
(878, 711, 220),
(879, 712, 220),
(880, 713, 220),
(881, 714, 221),
(882, 715, 221),
(883, 716, 221),
(884, 717, 221),
(885, 718, 222),
(886, 719, 222),
(887, 709, 222),
(888, 720, 222),
(889, 56, 223),
(890, 721, 223),
(891, 722, 223),
(892, 723, 223),
(893, 100, 224),
(894, 248, 224),
(895, 724, 224),
(896, 725, 224),
(897, 506, 225),
(898, 507, 225),
(899, 726, 225),
(900, 509, 225),
(901, 13, 226),
(902, 655, 226),
(903, 727, 226),
(904, 728, 226),
(905, 729, 227),
(906, 730, 227),
(907, 731, 227),
(908, 732, 227),
(909, 510, 228),
(910, 265, 228),
(911, 733, 228),
(912, 14, 228),
(913, 734, 229),
(914, 735, 229),
(915, 368, 229),
(916, 736, 229),
(917, 363, 230),
(918, 737, 230),
(919, 738, 230),
(920, 739, 230),
(921, 531, 231),
(922, 740, 231),
(923, 741, 231),
(924, 533, 231),
(925, 742, 232),
(926, 743, 232),
(927, 744, 232),
(928, 745, 232),
(929, 746, 233),
(930, 379, 233),
(931, 747, 233),
(932, 748, 233),
(933, 265, 234),
(934, 103, 234),
(935, 379, 234),
(936, 749, 234),
(937, 5, 235),
(938, 750, 235),
(939, 28, 235),
(940, 751, 235),
(941, 752, 236),
(942, 753, 236),
(943, 754, 236),
(944, 755, 236),
(945, 258, 237),
(946, 756, 237),
(947, 757, 237),
(948, 758, 237),
(949, 405, 238),
(950, 406, 238),
(951, 759, 238),
(952, 760, 238),
(953, 761, 239),
(954, 762, 239),
(955, 548, 239),
(956, 763, 239),
(957, 108, 240),
(958, 764, 240),
(959, 178, 240),
(960, 765, 240),
(961, 766, 241),
(962, 767, 241),
(963, 111, 241),
(964, 768, 241),
(965, 766, 242),
(966, 769, 242),
(967, 770, 242),
(968, 771, 242),
(969, 772, 243),
(970, 773, 243),
(971, 774, 243),
(972, 775, 243),
(973, 559, 244),
(974, 776, 244),
(975, 777, 244),
(976, 778, 244),
(977, 684, 245),
(978, 685, 245),
(979, 779, 245),
(980, 780, 245),
(981, 781, 246),
(982, 667, 246),
(983, 782, 246),
(984, 669, 246),
(985, 783, 247),
(986, 319, 247),
(987, 784, 247),
(988, 785, 247),
(989, 786, 248),
(990, 787, 248),
(991, 788, 248),
(992, 789, 248),
(993, 151, 249),
(994, 152, 249),
(995, 348, 249),
(996, 790, 249),
(997, 363, 250),
(998, 364, 250),
(999, 791, 250),
(1000, 738, 250);
